_input_address,_input_zpid,_input_url,_which,_fetched_at,message,source,GraphType,RecentFirst,DataPoints_city,DataPoints_state,DataPoints_streetAddress,DataPoints_zipcode,DataPoints_Current_Rent_Zestimate,_error
"615 Broadview Pl NE, Atlanta, GA, 30324",2094515802,https://www.zillow.com/homedetails/2094515802_zpid/,rent_zestimate_history,2026-04-12T16:12:37.532775+00:00,200: Success,9vrc_ws,rent_zestimate_history,True,Atlanta,GA,615 Broadview Pl NE,30324,2701.0,
"615 Broadview Pl NE, Atlanta, GA, 30324",2094515802,https://www.zillow.com/homedetails/2094515802_zpid/,zestimate_history,2026-04-12T16:12:38.145567+00:00,200: Success,9vrc_ws,zestimate_history,True,Atlanta,GA,615 Broadview Pl NE,30324,,
"120 Ralph Mcgill Blvd NE Apt 903 # 903, Atlanta, GA, 30308",82619284,https://www.zillow.com/homedetails/82619284_zpid/,rent_zestimate_history,2026-04-12T16:12:38.666930+00:00,200: Success,9vrc_ws,rent_zestimate_history,True,Atlanta,GA,120 Ralph McGill Blvd NE APT 903,30308,1582.0,
"120 Ralph Mcgill Blvd NE Apt 903 # 903, Atlanta, GA, 30308",82619284,https://www.zillow.com/homedetails/82619284_zpid/,zestimate_history,2026-04-12T16:12:39.174041+00:00,200: Success,9vrc_ws,zestimate_history,True,Atlanta,GA,120 Ralph McGill Blvd NE APT 903,30308,,
"3371 King Springs Rd SE, Smyrna, GA, 30080",14303839,https://www.zillow.com/homedetails/14303839_zpid/,rent_zestimate_history,2026-04-12T16:12:39.725810+00:00,200: Success,9vrc_ws,rent_zestimate_history,True,Smyrna,GA,3371 King Springs Rd SE,30080,2606.0,
"3371 King Springs Rd SE, Smyrna, GA, 30080",14303839,https://www.zillow.com/homedetails/14303839_zpid/,zestimate_history,2026-04-12T16:12:40.262027+00:00,200: Success,9vrc_ws,zestimate_history,True,Smyrna,GA,3371 King Springs Rd SE,30080,,
"4471 Dandelion Ln, Atlanta, GA, 30342",2054988052,https://www.zillow.com/homedetails/2054988052_zpid/,rent_zestimate_history,2026-04-12T16:12:40.764754+00:00,200: Success,9vrc_ws,rent_zestimate_history,True,Atlanta,GA,4471 Dandelion Ln,30342,3081.0,
"4471 Dandelion Ln, Atlanta, GA, 30342",2054988052,https://www.zillow.com/homedetails/2054988052_zpid/,zestimate_history,2026-04-12T16:12:41.416988+00:00,200: Success,9vrc_ws,zestimate_history,True,Atlanta,GA,4471 Dandelion Ln,30342,,
"2183 Pansy St NW, Atlanta, GA, 30314",35857463,https://www.zillow.com/homedetails/35857463_zpid/,rent_zestimate_history,2026-04-12T16:12:41.962348+00:00,200: Success,9vrc_ws,rent_zestimate_history,True,Atlanta,GA,2183 Pansy St NW,30314,2044.0,
"2183 Pansy St NW, Atlanta, GA, 30314",35857463,https://www.zillow.com/homedetails/35857463_zpid/,zestimate_history,2026-04-12T16:12:42.490567+00:00,200: Success,9vrc_ws,zestimate_history,True,Atlanta,GA,2183 Pansy St NW,30314,,
"285 Centennial Olympic Park Dr NW # 1905, Atlanta, GA, 30313",2076160765,https://www.zillow.com/homedetails/2076160765_zpid/,rent_zestimate_history,2026-04-12T16:12:43.002258+00:00,200: Success,9vrc_ws,rent_zestimate_history,True,Atlanta,GA,285 Centennial Olympic Park Dr NW Unit 1905,30313,2571.0,
"285 Centennial Olympic Park Dr NW # 1905, Atlanta, GA, 30313",2076160765,https://www.zillow.com/homedetails/2076160765_zpid/,zestimate_history,2026-04-12T16:12:43.500517+00:00,200: Success,9vrc_ws,zestimate_history,True,Atlanta,GA,285 Centennial Olympic Park Dr NW Unit 1905,30313,,
"1590 Ezra Church Dr NW, Atlanta, GA, 30314",69344482,https://www.zillow.com/homedetails/69344482_zpid/,rent_zestimate_history,2026-04-12T16:12:44.089381+00:00,200: Success,9vrc_ws,rent_zestimate_history,True,Atlanta,GA,1590 Ezra Church Dr NW,30314,2819.0,
"1590 Ezra Church Dr NW, Atlanta, GA, 30314",69344482,https://www.zillow.com/homedetails/69344482_zpid/,zestimate_history,2026-04-12T16:12:44.639452+00:00,200: Success,9vrc_ws,zestimate_history,True,Atlanta,GA,1590 Ezra Church Dr NW,30314,,
"3060 Pharr Court North NW Apt 313 # 313, Atlanta, GA, 30305",2076002027,https://www.zillow.com/homedetails/2076002027_zpid/,rent_zestimate_history,2026-04-12T16:12:45.163374+00:00,200: Success,9vrc_ws,rent_zestimate_history,True,Atlanta,GA,3060 Pharr Ct NW #103,30305,2329.0,
"3060 Pharr Court North NW Apt 313 # 313, Atlanta, GA, 30305",2076002027,https://www.zillow.com/homedetails/2076002027_zpid/,zestimate_history,2026-04-12T16:12:45.678832+00:00,200: Success,9vrc_ws,zestimate_history,True,Atlanta,GA,3060 Pharr Ct NW #103,30305,,
"1198 Ashborough Ter SE Apt F # F, Marietta, GA, 30067",248397513,https://www.zillow.com/homedetails/248397513_zpid/,rent_zestimate_history,2026-04-12T16:12:46.202360+00:00,200: Success,9vrc_ws,rent_zestimate_history,True,Marietta,GA,1198 Ashborough Ter Unit F,30067,1891.0,
"1198 Ashborough Ter SE Apt F # F, Marietta, GA, 30067",248397513,https://www.zillow.com/homedetails/248397513_zpid/,zestimate_history,2026-04-12T16:12:46.684092+00:00,200: Success,9vrc_ws,zestimate_history,True,Marietta,GA,1198 Ashborough Ter Unit F,30067,,
"3040 Peachtree Rd NW # 1514, Atlanta, GA, 30305",82611119,https://www.zillow.com/homedetails/82611119_zpid/,rent_zestimate_history,2026-04-12T16:12:47.199196+00:00,200: Success,9vrc_ws,rent_zestimate_history,True,Atlanta,GA,3040 Peachtree Rd NW Unit 1514,30305,1917.0,
"3040 Peachtree Rd NW # 1514, Atlanta, GA, 30305",82611119,https://www.zillow.com/homedetails/82611119_zpid/,zestimate_history,2026-04-12T16:12:47.771337+00:00,200: Success,9vrc_ws,zestimate_history,True,Atlanta,GA,3040 Peachtree Rd NW Unit 1514,30305,,
"23 Fair Haven Way SE, Smyrna, GA, 30080",14310182,https://www.zillow.com/homedetails/14310182_zpid/,rent_zestimate_history,2026-04-12T16:12:48.487479+00:00,200: Success,9vrc_ws,rent_zestimate_history,True,Smyrna,GA,23 Fair Haven Way SE,30080,1755.0,
"23 Fair Haven Way SE, Smyrna, GA, 30080",14310182,https://www.zillow.com/homedetails/14310182_zpid/,zestimate_history,2026-04-12T16:12:49.039889+00:00,200: Success,9vrc_ws,zestimate_history,True,Smyrna,GA,23 Fair Haven Way SE,30080,,
"2240 Stephen Long Dr NE, Atlanta, GA, 30305",35897122,https://www.zillow.com/homedetails/35897122_zpid/,rent_zestimate_history,2026-04-12T16:12:49.711586+00:00,200: Success,9vrc_ws,rent_zestimate_history,True,Atlanta,GA,2240 Stephen Long Dr NE,30305,2612.0,
"2240 Stephen Long Dr NE, Atlanta, GA, 30305",35897122,https://www.zillow.com/homedetails/35897122_zpid/,zestimate_history,2026-04-12T16:12:50.238060+00:00,200: Success,9vrc_ws,zestimate_history,True,Atlanta,GA,2240 Stephen Long Dr NE,30305,,
"250 Pharr Rd NE Apt 205 # 205, Atlanta, GA, 30305",2078244131,https://www.zillow.com/homedetails/2078244131_zpid/,rent_zestimate_history,2026-04-12T16:12:50.721606+00:00,200: Success,9vrc_ws,rent_zestimate_history,True,Atlanta,GA,250 Pharr Rd NE APT 205,30305,2581.0,
"250 Pharr Rd NE Apt 205 # 205, Atlanta, GA, 30305",2078244131,https://www.zillow.com/homedetails/2078244131_zpid/,zestimate_history,2026-04-12T16:12:51.226937+00:00,200: Success,9vrc_ws,zestimate_history,True,Atlanta,GA,250 Pharr Rd NE APT 205,30305,,
"384 Ralph Mcgill Blvd NE # 405, Atlanta, GA, 30312",2145391524,https://www.zillow.com/homedetails/2145391524_zpid/,rent_zestimate_history,2026-04-12T16:12:51.758261+00:00,200: Success,9vrc_ws,rent_zestimate_history,True,Atlanta,GA,384 Ralph McGill Blvd NE Unit 405,30312,2884.0,
"384 Ralph Mcgill Blvd NE # 405, Atlanta, GA, 30312",2145391524,https://www.zillow.com/homedetails/2145391524_zpid/,zestimate_history,2026-04-12T16:12:52.311227+00:00,200: Success,9vrc_ws,zestimate_history,True,Atlanta,GA,384 Ralph McGill Blvd NE Unit 405,30312,,
"145 Holly Rd NW, Atlanta, GA, 30314",35846192,https://www.zillow.com/homedetails/35846192_zpid/,rent_zestimate_history,2026-04-12T16:12:52.850290+00:00,200: Success,9vrc_ws,rent_zestimate_history,True,Atlanta,GA,145 Holly Rd NW,30314,2274.0,
"145 Holly Rd NW, Atlanta, GA, 30314",35846192,https://www.zillow.com/homedetails/35846192_zpid/,zestimate_history,2026-04-12T16:12:53.366100+00:00,200: Success,9vrc_ws,zestimate_history,True,Atlanta,GA,145 Holly Rd NW,30314,,
"800 Peachtree St NE Apt 8214 # 8214, Atlanta, GA, 30308",65462015,https://www.zillow.com/homedetails/65462015_zpid/,rent_zestimate_history,2026-04-12T16:12:53.910826+00:00,200: Success,9vrc_ws,rent_zestimate_history,True,Atlanta,GA,800 Peachtree St NE APT 8214,30308,1867.0,
"800 Peachtree St NE Apt 8214 # 8214, Atlanta, GA, 30308",65462015,https://www.zillow.com/homedetails/65462015_zpid/,zestimate_history,2026-04-12T16:12:54.440881+00:00,200: Success,9vrc_ws,zestimate_history,True,Atlanta,GA,800 Peachtree St NE APT 8214,30308,,
"768 Antone St NW, Atlanta, GA, 30318",35909935,https://www.zillow.com/homedetails/35909935_zpid/,rent_zestimate_history,2026-04-12T16:12:54.924896+00:00,200: Success,9vrc_ws,rent_zestimate_history,True,Atlanta,GA,768 Antone St NW,30318,1984.0,
"768 Antone St NW, Atlanta, GA, 30318",35909935,https://www.zillow.com/homedetails/35909935_zpid/,zestimate_history,2026-04-12T16:12:55.433401+00:00,200: Success,9vrc_ws,zestimate_history,True,Atlanta,GA,768 Antone St NW,30318,,
"1799 Timber Valley Way SE, Smyrna, GA, 30080",14308149,https://www.zillow.com/homedetails/14308149_zpid/,rent_zestimate_history,2026-04-12T16:12:55.956977+00:00,200: Success,9vrc_ws,rent_zestimate_history,True,Smyrna,GA,1799 Timber Valley Way SE,30080,1874.0,
"1799 Timber Valley Way SE, Smyrna, GA, 30080",14308149,https://www.zillow.com/homedetails/14308149_zpid/,zestimate_history,2026-04-12T16:12:56.478589+00:00,200: Success,9vrc_ws,zestimate_history,True,Smyrna,GA,1799 Timber Valley Way SE,30080,,
"4957 Warmstone Way SE # 15, Atlanta, GA, 30339",171180940,https://www.zillow.com/homedetails/171180940_zpid/,rent_zestimate_history,2026-04-12T16:12:56.982962+00:00,200: Success,9vrc_ws,rent_zestimate_history,True,Atlanta,GA,4957 Warmstone Way SE #15,30339,2745.0,
"4957 Warmstone Way SE # 15, Atlanta, GA, 30339",171180940,https://www.zillow.com/homedetails/171180940_zpid/,zestimate_history,2026-04-12T16:12:57.480784+00:00,200: Success,9vrc_ws,zestimate_history,True,Atlanta,GA,4957 Warmstone Way SE #15,30339,,
"3507 Highgrove Way NE, Brookhaven, GA, 30319",452380761,https://www.zillow.com/homedetails/452380761_zpid/,rent_zestimate_history,2026-04-12T16:12:57.976699+00:00,200: Success,9vrc_ws,rent_zestimate_history,True,Atlanta,GA,3507 Highgrove Way NE,30319,4822.0,
"3507 Highgrove Way NE, Brookhaven, GA, 30319",452380761,https://www.zillow.com/homedetails/452380761_zpid/,zestimate_history,2026-04-12T16:12:58.506726+00:00,200: Success,9vrc_ws,zestimate_history,True,Atlanta,GA,3507 Highgrove Way NE,30319,,
"2029 Brightleaf Way # 133, Marietta, GA, 30060",97971001,https://www.zillow.com/homedetails/97971001_zpid/,rent_zestimate_history,2026-04-12T16:12:59.080811+00:00,200: Success,9vrc_ws,rent_zestimate_history,True,Marietta,GA,2029 Brightleaf Way Unit 133,30060,2776.0,
"2029 Brightleaf Way # 133, Marietta, GA, 30060",97971001,https://www.zillow.com/homedetails/97971001_zpid/,zestimate_history,2026-04-12T16:12:59.580551+00:00,200: Success,9vrc_ws,zestimate_history,True,Marietta,GA,2029 Brightleaf Way Unit 133,30060,,
"2106 Pine Heights Dr NE, Atlanta, GA, 30324",55017192,https://www.zillow.com/homedetails/55017192_zpid/,rent_zestimate_history,2026-04-12T16:13:00.225230+00:00,200: Success,9vrc_ws,rent_zestimate_history,True,Atlanta,GA,2106 Pine Heights Dr NE,30324,1740.0,
"2106 Pine Heights Dr NE, Atlanta, GA, 30324",55017192,https://www.zillow.com/homedetails/55017192_zpid/,zestimate_history,2026-04-12T16:13:00.866725+00:00,200: Success,9vrc_ws,zestimate_history,True,Atlanta,GA,2106 Pine Heights Dr NE,30324,,
"1562 Hawthorne Ave SE, Smyrna, GA, 30080",71123735,https://www.zillow.com/homedetails/71123735_zpid/,rent_zestimate_history,2026-04-12T16:13:01.361525+00:00,200: Success,9vrc_ws,rent_zestimate_history,True,Smyrna,GA,1562 Hawthorne Ave SE,30080,5295.0,
"1562 Hawthorne Ave SE, Smyrna, GA, 30080",71123735,https://www.zillow.com/homedetails/71123735_zpid/,zestimate_history,2026-04-12T16:13:01.900578+00:00,200: Success,9vrc_ws,zestimate_history,True,Smyrna,GA,1562 Hawthorne Ave SE,30080,,
"2359 Towneview Ct SE # 8, Atlanta, GA, 30339",2078957305,https://www.zillow.com/homedetails/2078957305_zpid/,rent_zestimate_history,2026-04-12T16:13:02.519632+00:00,200: Success,9vrc_ws,rent_zestimate_history,True,Atlanta,GA,2359 Towneview Ct SE Unit 8,30339,2692.0,
"2359 Towneview Ct SE # 8, Atlanta, GA, 30339",2078957305,https://www.zillow.com/homedetails/2078957305_zpid/,zestimate_history,2026-04-12T16:13:03.059765+00:00,200: Success,9vrc_ws,zestimate_history,True,Atlanta,GA,2359 Towneview Ct SE Unit 8,30339,,
"878 Peachtree St NE Apt 431 # 431, Atlanta, GA, 30309",35880557,https://www.zillow.com/homedetails/35880557_zpid/,rent_zestimate_history,2026-04-12T16:13:03.542654+00:00,200: Success,9vrc_ws,rent_zestimate_history,True,Atlanta,GA,878 Peachtree St NE APT 431,30309,2043.0,
"878 Peachtree St NE Apt 431 # 431, Atlanta, GA, 30309",35880557,https://www.zillow.com/homedetails/35880557_zpid/,zestimate_history,2026-04-12T16:13:04.065368+00:00,200: Success,9vrc_ws,zestimate_history,True,Atlanta,GA,878 Peachtree St NE APT 431,30309,,
"2260 Carver Dr NW, Atlanta, GA, 30314",35857362,https://www.zillow.com/homedetails/35857362_zpid/,rent_zestimate_history,2026-04-12T16:13:04.563469+00:00,200: Success,9vrc_ws,rent_zestimate_history,True,Atlanta,GA,2260 Carver Dr NW,30314,2346.0,
"2260 Carver Dr NW, Atlanta, GA, 30314",35857362,https://www.zillow.com/homedetails/35857362_zpid/,zestimate_history,2026-04-12T16:13:05.082868+00:00,200: Success,9vrc_ws,zestimate_history,True,Atlanta,GA,2260 Carver Dr NW,30314,,
"2318 Towneheights Ter SE # 11, Atlanta, GA, 30339",61951144,https://www.zillow.com/homedetails/61951144_zpid/,rent_zestimate_history,2026-04-12T16:13:05.580921+00:00,200: Success,9vrc_ws,rent_zestimate_history,True,Atlanta,GA,2318 Towneheights Ter SE #11,30339,2692.0,
"2318 Towneheights Ter SE # 11, Atlanta, GA, 30339",61951144,https://www.zillow.com/homedetails/61951144_zpid/,zestimate_history,2026-04-12T16:13:06.083692+00:00,200: Success,9vrc_ws,zestimate_history,True,Atlanta,GA,2318 Towneheights Ter SE #11,30339,,
"799 Hammond Dr # 22, Atlanta, GA, 30328",2066265929,https://www.zillow.com/homedetails/2066265929_zpid/,rent_zestimate_history,2026-04-12T16:13:06.562151+00:00,200: Success,9vrc_ws,rent_zestimate_history,True,Atlanta,GA,799 Hammond Dr Unit 227,30328,1729.0,
"799 Hammond Dr # 22, Atlanta, GA, 30328",2066265929,https://www.zillow.com/homedetails/2066265929_zpid/,zestimate_history,2026-04-12T16:13:07.095083+00:00,200: Success,9vrc_ws,zestimate_history,True,Atlanta,GA,799 Hammond Dr Unit 227,30328,,
"538 Wabash Ave NE, Atlanta, GA, 30312",35879440,https://www.zillow.com/homedetails/35879440_zpid/,rent_zestimate_history,2026-04-12T16:13:07.622999+00:00,200: Success,9vrc_ws,rent_zestimate_history,True,Atlanta,GA,538 Wabash Ave NE,30312,2770.0,
"538 Wabash Ave NE, Atlanta, GA, 30312",35879440,https://www.zillow.com/homedetails/35879440_zpid/,zestimate_history,2026-04-12T16:13:08.302842+00:00,200: Success,9vrc_ws,zestimate_history,True,Atlanta,GA,538 Wabash Ave NE,30312,,
"1660 Gilstrap Ln NW, Atlanta, GA, 30318",123478503,https://www.zillow.com/homedetails/123478503_zpid/,rent_zestimate_history,2026-04-12T16:13:08.977226+00:00,200: Success,9vrc_ws,rent_zestimate_history,True,Atlanta,GA,1660 Gilstrap Ln NW,30318,4088.0,
"1660 Gilstrap Ln NW, Atlanta, GA, 30318",123478503,https://www.zillow.com/homedetails/123478503_zpid/,zestimate_history,2026-04-12T16:13:09.568916+00:00,200: Success,9vrc_ws,zestimate_history,True,Atlanta,GA,1660 Gilstrap Ln NW,30318,,
"124 Fairfield Pl NW, Atlanta, GA, 30314",35857257,https://www.zillow.com/homedetails/35857257_zpid/,rent_zestimate_history,2026-04-12T16:13:10.102944+00:00,200: Success,9vrc_ws,rent_zestimate_history,True,Atlanta,GA,124 Fairfield Pl NW,30314,2237.0,
"124 Fairfield Pl NW, Atlanta, GA, 30314",35857257,https://www.zillow.com/homedetails/35857257_zpid/,zestimate_history,2026-04-12T16:13:10.668232+00:00,200: Success,9vrc_ws,zestimate_history,True,Atlanta,GA,124 Fairfield Pl NW,30314,,
"1682 Abner Ct NW, Atlanta, GA, 30318",35923480,https://www.zillow.com/homedetails/35923480_zpid/,rent_zestimate_history,2026-04-12T16:13:11.261125+00:00,200: Success,9vrc_ws,rent_zestimate_history,True,Atlanta,GA,1682 Abner Ct NW,30318,1909.0,
"1682 Abner Ct NW, Atlanta, GA, 30318",35923480,https://www.zillow.com/homedetails/35923480_zpid/,zestimate_history,2026-04-12T16:13:11.938842+00:00,200: Success,9vrc_ws,zestimate_history,True,Atlanta,GA,1682 Abner Ct NW,30318,,
"5800 Oakdale Rd SE # 118, Mableton, GA, 30126",87677640,https://www.zillow.com/homedetails/87677640_zpid/,rent_zestimate_history,2026-04-12T16:13:12.424714+00:00,200: Success,9vrc_ws,rent_zestimate_history,True,Mableton,GA,5800 Oakdale Rd SE Unit 118,30126,2145.0,
"5800 Oakdale Rd SE # 118, Mableton, GA, 30126",87677640,https://www.zillow.com/homedetails/87677640_zpid/,zestimate_history,2026-04-12T16:13:12.961333+00:00,200: Success,9vrc_ws,zestimate_history,True,Mableton,GA,5800 Oakdale Rd SE Unit 118,30126,,
"2870 Pharr Court South NW Apt 2006 # 2006, Atlanta, GA, 30305",55019184,https://www.zillow.com/homedetails/55019184_zpid/,rent_zestimate_history,2026-04-12T16:13:13.226674+00:00,,,,,,,,,,402 Client Error: Payment Required for url: https://zillow.realtyapi.io/graph_charts?recent_first=True&which=rent_zestimate_history&byzpid=55019184&byurl=https%3A%2F%2Fwww.zillow.com%2Fhomedetails%2F55019184_zpid%2F&byaddress=2870+Pharr+Court+South+NW+Apt+2006+%23+2006%2C+Atlanta%2C+GA%2C+30305
"2870 Pharr Court South NW Apt 2006 # 2006, Atlanta, GA, 30305",55019184,https://www.zillow.com/homedetails/55019184_zpid/,zestimate_history,2026-04-12T16:13:13.501370+00:00,,,,,,,,,,402 Client Error: Payment Required for url: https://zillow.realtyapi.io/graph_charts?recent_first=True&which=zestimate_history&byzpid=55019184&byurl=https%3A%2F%2Fwww.zillow.com%2Fhomedetails%2F55019184_zpid%2F&byaddress=2870+Pharr+Court+South+NW+Apt+2006+%23+2006%2C+Atlanta%2C+GA%2C+30305
"266 Wadley St NW, Atlanta, GA, 30314",35857443,https://www.zillow.com/homedetails/35857443_zpid/,rent_zestimate_history,2026-04-12T16:13:13.766350+00:00,,,,,,,,,,402 Client Error: Payment Required for url: https://zillow.realtyapi.io/graph_charts?recent_first=True&which=rent_zestimate_history&byzpid=35857443&byurl=https%3A%2F%2Fwww.zillow.com%2Fhomedetails%2F35857443_zpid%2F&byaddress=266+Wadley+St+NW%2C+Atlanta%2C+GA%2C+30314
"266 Wadley St NW, Atlanta, GA, 30314",35857443,https://www.zillow.com/homedetails/35857443_zpid/,zestimate_history,2026-04-12T16:13:14.039587+00:00,,,,,,,,,,402 Client Error: Payment Required for url: https://zillow.realtyapi.io/graph_charts?recent_first=True&which=zestimate_history&byzpid=35857443&byurl=https%3A%2F%2Fwww.zillow.com%2Fhomedetails%2F35857443_zpid%2F&byaddress=266+Wadley+St+NW%2C+Atlanta%2C+GA%2C+30314
"400 W West Peachtree St NW # 3214, Atlanta, GA, 30308",2066268206,https://www.zillow.com/homedetails/2066268206_zpid/,rent_zestimate_history,2026-04-12T16:13:14.321439+00:00,,,,,,,,,,402 Client Error: Payment Required for url: https://zillow.realtyapi.io/graph_charts?recent_first=True&which=rent_zestimate_history&byzpid=2066268206&byurl=https%3A%2F%2Fwww.zillow.com%2Fhomedetails%2F2066268206_zpid%2F&byaddress=400+W+West+Peachtree+St+NW+%23+3214%2C+Atlanta%2C+GA%2C+30308
"400 W West Peachtree St NW # 3214, Atlanta, GA, 30308",2066268206,https://www.zillow.com/homedetails/2066268206_zpid/,zestimate_history,2026-04-12T16:13:14.584290+00:00,,,,,,,,,,402 Client Error: Payment Required for url: https://zillow.realtyapi.io/graph_charts?recent_first=True&which=zestimate_history&byzpid=2066268206&byurl=https%3A%2F%2Fwww.zillow.com%2Fhomedetails%2F2066268206_zpid%2F&byaddress=400+W+West+Peachtree+St+NW+%23+3214%2C+Atlanta%2C+GA%2C+30308
"950 W Peachtree St NW # 1102, Atlanta, GA, 30309",2086528098,https://www.zillow.com/homedetails/2086528098_zpid/,rent_zestimate_history,2026-04-12T16:13:14.849962+00:00,,,,,,,,,,402 Client Error: Payment Required for url: https://zillow.realtyapi.io/graph_charts?recent_first=True&which=rent_zestimate_history&byzpid=2086528098&byurl=https%3A%2F%2Fwww.zillow.com%2Fhomedetails%2F2086528098_zpid%2F&byaddress=950+W+Peachtree+St+NW+%23+1102%2C+Atlanta%2C+GA%2C+30309
"950 W Peachtree St NW # 1102, Atlanta, GA, 30309",2086528098,https://www.zillow.com/homedetails/2086528098_zpid/,zestimate_history,2026-04-12T16:13:15.116296+00:00,,,,,,,,,,402 Client Error: Payment Required for url: https://zillow.realtyapi.io/graph_charts?recent_first=True&which=zestimate_history&byzpid=2086528098&byurl=https%3A%2F%2Fwww.zillow.com%2Fhomedetails%2F2086528098_zpid%2F&byaddress=950+W+Peachtree+St+NW+%23+1102%2C+Atlanta%2C+GA%2C+30309
"400 W West Peachtree St NW # 1215, Atlanta, GA, 30308",2073064760,https://www.zillow.com/homedetails/2073064760_zpid/,rent_zestimate_history,2026-04-12T16:13:15.369090+00:00,,,,,,,,,,402 Client Error: Payment Required for url: https://zillow.realtyapi.io/graph_charts?recent_first=True&which=rent_zestimate_history&byzpid=2073064760&byurl=https%3A%2F%2Fwww.zillow.com%2Fhomedetails%2F2073064760_zpid%2F&byaddress=400+W+West+Peachtree+St+NW+%23+1215%2C+Atlanta%2C+GA%2C+30308
"400 W West Peachtree St NW # 1215, Atlanta, GA, 30308",2073064760,https://www.zillow.com/homedetails/2073064760_zpid/,zestimate_history,2026-04-12T16:13:15.640429+00:00,,,,,,,,,,402 Client Error: Payment Required for url: https://zillow.realtyapi.io/graph_charts?recent_first=True&which=zestimate_history&byzpid=2073064760&byurl=https%3A%2F%2Fwww.zillow.com%2Fhomedetails%2F2073064760_zpid%2F&byaddress=400+W+West+Peachtree+St+NW+%23+1215%2C+Atlanta%2C+GA%2C+30308
"1970 Main St NW, Atlanta, GA, 30318",69347934,https://www.zillow.com/homedetails/69347934_zpid/,rent_zestimate_history,2026-04-12T16:13:15.903533+00:00,,,,,,,,,,402 Client Error: Payment Required for url: https://zillow.realtyapi.io/graph_charts?recent_first=True&which=rent_zestimate_history&byzpid=69347934&byurl=https%3A%2F%2Fwww.zillow.com%2Fhomedetails%2F69347934_zpid%2F&byaddress=1970+Main+St+NW%2C+Atlanta%2C+GA%2C+30318
"1970 Main St NW, Atlanta, GA, 30318",69347934,https://www.zillow.com/homedetails/69347934_zpid/,zestimate_history,2026-04-12T16:13:16.169313+00:00,,,,,,,,,,402 Client Error: Payment Required for url: https://zillow.realtyapi.io/graph_charts?recent_first=True&which=zestimate_history&byzpid=69347934&byurl=https%3A%2F%2Fwww.zillow.com%2Fhomedetails%2F69347934_zpid%2F&byaddress=1970+Main+St+NW%2C+Atlanta%2C+GA%2C+30318
"384 Ralph Mcgill Blvd NE # 322, Atlanta, GA, 30312",2066265861,https://www.zillow.com/homedetails/2066265861_zpid/,rent_zestimate_history,2026-04-12T16:13:16.421505+00:00,,,,,,,,,,402 Client Error: Payment Required for url: https://zillow.realtyapi.io/graph_charts?recent_first=True&which=rent_zestimate_history&byzpid=2066265861&byurl=https%3A%2F%2Fwww.zillow.com%2Fhomedetails%2F2066265861_zpid%2F&byaddress=384+Ralph+Mcgill+Blvd+NE+%23+322%2C+Atlanta%2C+GA%2C+30312
"384 Ralph Mcgill Blvd NE # 322, Atlanta, GA, 30312",2066265861,https://www.zillow.com/homedetails/2066265861_zpid/,zestimate_history,2026-04-12T16:13:16.686067+00:00,,,,,,,,,,402 Client Error: Payment Required for url: https://zillow.realtyapi.io/graph_charts?recent_first=True&which=zestimate_history&byzpid=2066265861&byurl=https%3A%2F%2Fwww.zillow.com%2Fhomedetails%2F2066265861_zpid%2F&byaddress=384+Ralph+Mcgill+Blvd+NE+%23+322%2C+Atlanta%2C+GA%2C+30312
"400 W West Peachtree St NW # 2713, Atlanta, GA, 30308",2078491585,https://www.zillow.com/homedetails/2078491585_zpid/,rent_zestimate_history,2026-04-12T16:13:16.942367+00:00,,,,,,,,,,402 Client Error: Payment Required for url: https://zillow.realtyapi.io/graph_charts?recent_first=True&which=rent_zestimate_history&byzpid=2078491585&byurl=https%3A%2F%2Fwww.zillow.com%2Fhomedetails%2F2078491585_zpid%2F&byaddress=400+W+West+Peachtree+St+NW+%23+2713%2C+Atlanta%2C+GA%2C+30308
"400 W West Peachtree St NW # 2713, Atlanta, GA, 30308",2078491585,https://www.zillow.com/homedetails/2078491585_zpid/,zestimate_history,2026-04-12T16:13:17.199138+00:00,,,,,,,,,,402 Client Error: Payment Required for url: https://zillow.realtyapi.io/graph_charts?recent_first=True&which=zestimate_history&byzpid=2078491585&byurl=https%3A%2F%2Fwww.zillow.com%2Fhomedetails%2F2078491585_zpid%2F&byaddress=400+W+West+Peachtree+St+NW+%23+2713%2C+Atlanta%2C+GA%2C+30308
"57 Forsyth St NW Apt 3a # 3A, Atlanta, GA, 30303",65462774,https://www.zillow.com/homedetails/65462774_zpid/,rent_zestimate_history,2026-04-12T16:13:17.458772+00:00,,,,,,,,,,402 Client Error: Payment Required for url: https://zillow.realtyapi.io/graph_charts?recent_first=True&which=rent_zestimate_history&byzpid=65462774&byurl=https%3A%2F%2Fwww.zillow.com%2Fhomedetails%2F65462774_zpid%2F&byaddress=57+Forsyth+St+NW+Apt+3a+%23+3A%2C+Atlanta%2C+GA%2C+30303
"57 Forsyth St NW Apt 3a # 3A, Atlanta, GA, 30303",65462774,https://www.zillow.com/homedetails/65462774_zpid/,zestimate_history,2026-04-12T16:13:17.740720+00:00,,,,,,,,,,402 Client Error: Payment Required for url: https://zillow.realtyapi.io/graph_charts?recent_first=True&which=zestimate_history&byzpid=65462774&byurl=https%3A%2F%2Fwww.zillow.com%2Fhomedetails%2F65462774_zpid%2F&byaddress=57+Forsyth+St+NW+Apt+3a+%23+3A%2C+Atlanta%2C+GA%2C+30303
"3908 Danube Ln, Atlanta, GA, 30339",455024465,https://www.zillow.com/homedetails/455024465_zpid/,rent_zestimate_history,2026-04-12T16:13:18.066401+00:00,,,,,,,,,,402 Client Error: Payment Required for url: https://zillow.realtyapi.io/graph_charts?recent_first=True&which=rent_zestimate_history&byzpid=455024465&byurl=https%3A%2F%2Fwww.zillow.com%2Fhomedetails%2F455024465_zpid%2F&byaddress=3908+Danube+Ln%2C+Atlanta%2C+GA%2C+30339
"3908 Danube Ln, Atlanta, GA, 30339",455024465,https://www.zillow.com/homedetails/455024465_zpid/,zestimate_history,2026-04-12T16:13:18.321868+00:00,,,,,,,,,,402 Client Error: Payment Required for url: https://zillow.realtyapi.io/graph_charts?recent_first=True&which=zestimate_history&byzpid=455024465&byurl=https%3A%2F%2Fwww.zillow.com%2Fhomedetails%2F455024465_zpid%2F&byaddress=3908+Danube+Ln%2C+Atlanta%2C+GA%2C+30339
"285 Centennial Olympic Park Dr NW # 203, Atlanta, GA, 30313",65462663,https://www.zillow.com/homedetails/65462663_zpid/,rent_zestimate_history,2026-04-12T16:13:18.601338+00:00,,,,,,,,,,402 Client Error: Payment Required for url: https://zillow.realtyapi.io/graph_charts?recent_first=True&which=rent_zestimate_history&byzpid=65462663&byurl=https%3A%2F%2Fwww.zillow.com%2Fhomedetails%2F65462663_zpid%2F&byaddress=285+Centennial+Olympic+Park+Dr+NW+%23+203%2C+Atlanta%2C+GA%2C+30313
"285 Centennial Olympic Park Dr NW # 203, Atlanta, GA, 30313",65462663,https://www.zillow.com/homedetails/65462663_zpid/,zestimate_history,2026-04-12T16:13:19.000632+00:00,,,,,,,,,,402 Client Error: Payment Required for url: https://zillow.realtyapi.io/graph_charts?recent_first=True&which=zestimate_history&byzpid=65462663&byurl=https%3A%2F%2Fwww.zillow.com%2Fhomedetails%2F65462663_zpid%2F&byaddress=285+Centennial+Olympic+Park+Dr+NW+%23+203%2C+Atlanta%2C+GA%2C+30313
"310 Spring Heights Ln SE # 3/310, Smyrna, GA, 30080",248234364,https://www.zillow.com/homedetails/248234364_zpid/,rent_zestimate_history,2026-04-12T16:13:19.260935+00:00,,,,,,,,,,402 Client Error: Payment Required for url: https://zillow.realtyapi.io/graph_charts?recent_first=True&which=rent_zestimate_history&byzpid=248234364&byurl=https%3A%2F%2Fwww.zillow.com%2Fhomedetails%2F248234364_zpid%2F&byaddress=310+Spring+Heights+Ln+SE+%23+3%2F310%2C+Smyrna%2C+GA%2C+30080
"310 Spring Heights Ln SE # 3/310, Smyrna, GA, 30080",248234364,https://www.zillow.com/homedetails/248234364_zpid/,zestimate_history,2026-04-12T16:13:19.528847+00:00,,,,,,,,,,402 Client Error: Payment Required for url: https://zillow.realtyapi.io/graph_charts?recent_first=True&which=zestimate_history&byzpid=248234364&byurl=https%3A%2F%2Fwww.zillow.com%2Fhomedetails%2F248234364_zpid%2F&byaddress=310+Spring+Heights+Ln+SE+%23+3%2F310%2C+Smyrna%2C+GA%2C+30080
"384 Ralph Mcgill Blvd NE # 105, Atlanta, GA, 30312",2084418857,https://www.zillow.com/homedetails/2084418857_zpid/,rent_zestimate_history,2026-04-12T16:13:19.858162+00:00,,,,,,,,,,402 Client Error: Payment Required for url: https://zillow.realtyapi.io/graph_charts?recent_first=True&which=rent_zestimate_history&byzpid=2084418857&byurl=https%3A%2F%2Fwww.zillow.com%2Fhomedetails%2F2084418857_zpid%2F&byaddress=384+Ralph+Mcgill+Blvd+NE+%23+105%2C+Atlanta%2C+GA%2C+30312
"384 Ralph Mcgill Blvd NE # 105, Atlanta, GA, 30312",2084418857,https://www.zillow.com/homedetails/2084418857_zpid/,zestimate_history,2026-04-12T16:13:20.138162+00:00,,,,,,,,,,402 Client Error: Payment Required for url: https://zillow.realtyapi.io/graph_charts?recent_first=True&which=zestimate_history&byzpid=2084418857&byurl=https%3A%2F%2Fwww.zillow.com%2Fhomedetails%2F2084418857_zpid%2F&byaddress=384+Ralph+Mcgill+Blvd+NE+%23+105%2C+Atlanta%2C+GA%2C+30312
"361 17th St NW # 1121, Atlanta, GA, 30363",2071028723,https://www.zillow.com/homedetails/2071028723_zpid/,rent_zestimate_history,2026-04-12T16:13:20.399746+00:00,,,,,,,,,,402 Client Error: Payment Required for url: https://zillow.realtyapi.io/graph_charts?recent_first=True&which=rent_zestimate_history&byzpid=2071028723&byurl=https%3A%2F%2Fwww.zillow.com%2Fhomedetails%2F2071028723_zpid%2F&byaddress=361+17th+St+NW+%23+1121%2C+Atlanta%2C+GA%2C+30363
"361 17th St NW # 1121, Atlanta, GA, 30363",2071028723,https://www.zillow.com/homedetails/2071028723_zpid/,zestimate_history,2026-04-12T16:13:20.801395+00:00,,,,,,,,,,402 Client Error: Payment Required for url: https://zillow.realtyapi.io/graph_charts?recent_first=True&which=zestimate_history&byzpid=2071028723&byurl=https%3A%2F%2Fwww.zillow.com%2Fhomedetails%2F2071028723_zpid%2F&byaddress=361+17th+St+NW+%23+1121%2C+Atlanta%2C+GA%2C+30363
"1608 Carroll Dr NW, Atlanta, GA, 30318",35921008,https://www.zillow.com/homedetails/35921008_zpid/,rent_zestimate_history,2026-04-12T16:13:21.225023+00:00,,,,,,,,,,402 Client Error: Payment Required for url: https://zillow.realtyapi.io/graph_charts?recent_first=True&which=rent_zestimate_history&byzpid=35921008&byurl=https%3A%2F%2Fwww.zillow.com%2Fhomedetails%2F35921008_zpid%2F&byaddress=1608+Carroll+Dr+NW%2C+Atlanta%2C+GA%2C+30318
"1608 Carroll Dr NW, Atlanta, GA, 30318",35921008,https://www.zillow.com/homedetails/35921008_zpid/,zestimate_history,2026-04-12T16:13:21.505826+00:00,,,,,,,,,,402 Client Error: Payment Required for url: https://zillow.realtyapi.io/graph_charts?recent_first=True&which=zestimate_history&byzpid=35921008&byurl=https%3A%2F%2Fwww.zillow.com%2Fhomedetails%2F35921008_zpid%2F&byaddress=1608+Carroll+Dr+NW%2C+Atlanta%2C+GA%2C+30318
"6206 Carriage Gate Ln SE # 6, Mableton, GA, 30126",248236328,https://www.zillow.com/homedetails/248236328_zpid/,rent_zestimate_history,2026-04-12T16:13:21.808182+00:00,,,,,,,,,,402 Client Error: Payment Required for url: https://zillow.realtyapi.io/graph_charts?recent_first=True&which=rent_zestimate_history&byzpid=248236328&byurl=https%3A%2F%2Fwww.zillow.com%2Fhomedetails%2F248236328_zpid%2F&byaddress=6206+Carriage+Gate+Ln+SE+%23+6%2C+Mableton%2C+GA%2C+30126
"6206 Carriage Gate Ln SE # 6, Mableton, GA, 30126",248236328,https://www.zillow.com/homedetails/248236328_zpid/,zestimate_history,2026-04-12T16:13:22.063046+00:00,,,,,,,,,,402 Client Error: Payment Required for url: https://zillow.realtyapi.io/graph_charts?recent_first=True&which=zestimate_history&byzpid=248236328&byurl=https%3A%2F%2Fwww.zillow.com%2Fhomedetails%2F248236328_zpid%2F&byaddress=6206+Carriage+Gate+Ln+SE+%23+6%2C+Mableton%2C+GA%2C+30126
"78 Dunwoody Springs Dr # 78, Atlanta, GA, 30328",2097780978,https://www.zillow.com/homedetails/2097780978_zpid/,rent_zestimate_history,2026-04-12T16:13:22.384846+00:00,,,,,,,,,,402 Client Error: Payment Required for url: https://zillow.realtyapi.io/graph_charts?recent_first=True&which=rent_zestimate_history&byzpid=2097780978&byurl=https%3A%2F%2Fwww.zillow.com%2Fhomedetails%2F2097780978_zpid%2F&byaddress=78+Dunwoody+Springs+Dr+%23+78%2C+Atlanta%2C+GA%2C+30328
"78 Dunwoody Springs Dr # 78, Atlanta, GA, 30328",2097780978,https://www.zillow.com/homedetails/2097780978_zpid/,zestimate_history,2026-04-12T16:13:22.684004+00:00,,,,,,,,,,402 Client Error: Payment Required for url: https://zillow.realtyapi.io/graph_charts?recent_first=True&which=zestimate_history&byzpid=2097780978&byurl=https%3A%2F%2Fwww.zillow.com%2Fhomedetails%2F2097780978_zpid%2F&byaddress=78+Dunwoody+Springs+Dr+%23+78%2C+Atlanta%2C+GA%2C+30328
"3040 Peachtree Rd NW # 702, Atlanta, GA, 30305",82612941,https://www.zillow.com/homedetails/82612941_zpid/,rent_zestimate_history,2026-04-12T16:13:22.945102+00:00,,,,,,,,,,402 Client Error: Payment Required for url: https://zillow.realtyapi.io/graph_charts?recent_first=True&which=rent_zestimate_history&byzpid=82612941&byurl=https%3A%2F%2Fwww.zillow.com%2Fhomedetails%2F82612941_zpid%2F&byaddress=3040+Peachtree+Rd+NW+%23+702%2C+Atlanta%2C+GA%2C+30305
"3040 Peachtree Rd NW # 702, Atlanta, GA, 30305",82612941,https://www.zillow.com/homedetails/82612941_zpid/,zestimate_history,2026-04-12T16:13:23.202485+00:00,,,,,,,,,,402 Client Error: Payment Required for url: https://zillow.realtyapi.io/graph_charts?recent_first=True&which=zestimate_history&byzpid=82612941&byurl=https%3A%2F%2Fwww.zillow.com%2Fhomedetails%2F82612941_zpid%2F&byaddress=3040+Peachtree+Rd+NW+%23+702%2C+Atlanta%2C+GA%2C+30305
"941 Persimmon Pt, Atlanta, GA, 30328",,https://www.zillow.com/homes/941-persimmon-pt--atlanta--ga--30328-30328_rb/,rent_zestimate_history,2026-04-12T16:13:23.465105+00:00,,,,,,,,,,402 Client Error: Payment Required for url: https://zillow.realtyapi.io/graph_charts?recent_first=True&which=rent_zestimate_history&byurl=https%3A%2F%2Fwww.zillow.com%2Fhomes%2F941-persimmon-pt--atlanta--ga--30328-30328_rb%2F&byaddress=941+Persimmon+Pt%2C+Atlanta%2C+GA%2C+30328
"941 Persimmon Pt, Atlanta, GA, 30328",,https://www.zillow.com/homes/941-persimmon-pt--atlanta--ga--30328-30328_rb/,zestimate_history,2026-04-12T16:13:23.725009+00:00,,,,,,,,,,402 Client Error: Payment Required for url: https://zillow.realtyapi.io/graph_charts?recent_first=True&which=zestimate_history&byurl=https%3A%2F%2Fwww.zillow.com%2Fhomes%2F941-persimmon-pt--atlanta--ga--30328-30328_rb%2F&byaddress=941+Persimmon+Pt%2C+Atlanta%2C+GA%2C+30328
"1250 Lavista Cir NE, Atlanta, GA, 30324",,https://www.zillow.com/homes/1250-lavista-cir-ne--atlanta--ga--30324-30324_rb/,rent_zestimate_history,2026-04-12T16:13:23.982289+00:00,,,,,,,,,,402 Client Error: Payment Required for url: https://zillow.realtyapi.io/graph_charts?recent_first=True&which=rent_zestimate_history&byurl=https%3A%2F%2Fwww.zillow.com%2Fhomes%2F1250-lavista-cir-ne--atlanta--ga--30324-30324_rb%2F&byaddress=1250+Lavista+Cir+NE%2C+Atlanta%2C+GA%2C+30324
"1250 Lavista Cir NE, Atlanta, GA, 30324",,https://www.zillow.com/homes/1250-lavista-cir-ne--atlanta--ga--30324-30324_rb/,zestimate_history,2026-04-12T16:13:24.379265+00:00,,,,,,,,,,402 Client Error: Payment Required for url: https://zillow.realtyapi.io/graph_charts?recent_first=True&which=zestimate_history&byurl=https%3A%2F%2Fwww.zillow.com%2Fhomes%2F1250-lavista-cir-ne--atlanta--ga--30324-30324_rb%2F&byaddress=1250+Lavista+Cir+NE%2C+Atlanta%2C+GA%2C+30324
"3040 Peachtree Rd NW # 707, Atlanta, GA, 30305",82626925,https://www.zillow.com/homedetails/82626925_zpid/,rent_zestimate_history,2026-04-12T16:13:24.643539+00:00,,,,,,,,,,402 Client Error: Payment Required for url: https://zillow.realtyapi.io/graph_charts?recent_first=True&which=rent_zestimate_history&byzpid=82626925&byurl=https%3A%2F%2Fwww.zillow.com%2Fhomedetails%2F82626925_zpid%2F&byaddress=3040+Peachtree+Rd+NW+%23+707%2C+Atlanta%2C+GA%2C+30305
"3040 Peachtree Rd NW # 707, Atlanta, GA, 30305",82626925,https://www.zillow.com/homedetails/82626925_zpid/,zestimate_history,2026-04-12T16:13:24.927955+00:00,,,,,,,,,,402 Client Error: Payment Required for url: https://zillow.realtyapi.io/graph_charts?recent_first=True&which=zestimate_history&byzpid=82626925&byurl=https%3A%2F%2Fwww.zillow.com%2Fhomedetails%2F82626925_zpid%2F&byaddress=3040+Peachtree+Rd+NW+%23+707%2C+Atlanta%2C+GA%2C+30305
"115 W West Peachtree Pl NW # 413, Atlanta, GA, 30313",65463023,https://www.zillow.com/homedetails/65463023_zpid/,rent_zestimate_history,2026-04-12T16:13:25.200413+00:00,,,,,,,,,,402 Client Error: Payment Required for url: https://zillow.realtyapi.io/graph_charts?recent_first=True&which=rent_zestimate_history&byzpid=65463023&byurl=https%3A%2F%2Fwww.zillow.com%2Fhomedetails%2F65463023_zpid%2F&byaddress=115+W+West+Peachtree+Pl+NW+%23+413%2C+Atlanta%2C+GA%2C+30313
"115 W West Peachtree Pl NW # 413, Atlanta, GA, 30313",65463023,https://www.zillow.com/homedetails/65463023_zpid/,zestimate_history,2026-04-12T16:13:25.474539+00:00,,,,,,,,,,402 Client Error: Payment Required for url: https://zillow.realtyapi.io/graph_charts?recent_first=True&which=zestimate_history&byzpid=65463023&byurl=https%3A%2F%2Fwww.zillow.com%2Fhomedetails%2F65463023_zpid%2F&byaddress=115+W+West+Peachtree+Pl+NW+%23+413%2C+Atlanta%2C+GA%2C+30313
"44 Peachtree Pl # 1225, Atlanta, GA, 30309",82623343,https://www.zillow.com/homedetails/82623343_zpid/,rent_zestimate_history,2026-04-12T16:13:25.744927+00:00,,,,,,,,,,402 Client Error: Payment Required for url: https://zillow.realtyapi.io/graph_charts?recent_first=True&which=rent_zestimate_history&byzpid=82623343&byurl=https%3A%2F%2Fwww.zillow.com%2Fhomedetails%2F82623343_zpid%2F&byaddress=44+Peachtree+Pl+%23+1225%2C+Atlanta%2C+GA%2C+30309
"44 Peachtree Pl # 1225, Atlanta, GA, 30309",82623343,https://www.zillow.com/homedetails/82623343_zpid/,zestimate_history,2026-04-12T16:13:26.008771+00:00,,,,,,,,,,402 Client Error: Payment Required for url: https://zillow.realtyapi.io/graph_charts?recent_first=True&which=zestimate_history&byzpid=82623343&byurl=https%3A%2F%2Fwww.zillow.com%2Fhomedetails%2F82623343_zpid%2F&byaddress=44+Peachtree+Pl+%23+1225%2C+Atlanta%2C+GA%2C+30309
"57 Forsyth St NW Apt 4d # 4D, Atlanta, GA, 30303",65462785,https://www.zillow.com/homedetails/65462785_zpid/,rent_zestimate_history,2026-04-12T16:13:26.303647+00:00,,,,,,,,,,402 Client Error: Payment Required for url: https://zillow.realtyapi.io/graph_charts?recent_first=True&which=rent_zestimate_history&byzpid=65462785&byurl=https%3A%2F%2Fwww.zillow.com%2Fhomedetails%2F65462785_zpid%2F&byaddress=57+Forsyth+St+NW+Apt+4d+%23+4D%2C+Atlanta%2C+GA%2C+30303
"57 Forsyth St NW Apt 4d # 4D, Atlanta, GA, 30303",65462785,https://www.zillow.com/homedetails/65462785_zpid/,zestimate_history,2026-04-12T16:13:26.562429+00:00,,,,,,,,,,402 Client Error: Payment Required for url: https://zillow.realtyapi.io/graph_charts?recent_first=True&which=zestimate_history&byzpid=65462785&byurl=https%3A%2F%2Fwww.zillow.com%2Fhomedetails%2F65462785_zpid%2F&byaddress=57+Forsyth+St+NW+Apt+4d+%23+4D%2C+Atlanta%2C+GA%2C+30303
"177 Millbrook Farm Rd, Marietta, GA, 30068",14282663,https://www.zillow.com/homedetails/14282663_zpid/,rent_zestimate_history,2026-04-12T16:13:26.987408+00:00,,,,,,,,,,402 Client Error: Payment Required for url: https://zillow.realtyapi.io/graph_charts?recent_first=True&which=rent_zestimate_history&byzpid=14282663&byurl=https%3A%2F%2Fwww.zillow.com%2Fhomedetails%2F14282663_zpid%2F&byaddress=177+Millbrook+Farm+Rd%2C+Marietta%2C+GA%2C+30068
"177 Millbrook Farm Rd, Marietta, GA, 30068",14282663,https://www.zillow.com/homedetails/14282663_zpid/,zestimate_history,2026-04-12T16:13:27.239649+00:00,,,,,,,,,,402 Client Error: Payment Required for url: https://zillow.realtyapi.io/graph_charts?recent_first=True&which=zestimate_history&byzpid=14282663&byurl=https%3A%2F%2Fwww.zillow.com%2Fhomedetails%2F14282663_zpid%2F&byaddress=177+Millbrook+Farm+Rd%2C+Marietta%2C+GA%2C+30068
"250 Pharr Rd NE # 779, Atlanta, GA, 30305",69364289,https://www.zillow.com/homedetails/69364289_zpid/,rent_zestimate_history,2026-04-12T16:13:27.504806+00:00,,,,,,,,,,402 Client Error: Payment Required for url: https://zillow.realtyapi.io/graph_charts?recent_first=True&which=rent_zestimate_history&byzpid=69364289&byurl=https%3A%2F%2Fwww.zillow.com%2Fhomedetails%2F69364289_zpid%2F&byaddress=250+Pharr+Rd+NE+%23+779%2C+Atlanta%2C+GA%2C+30305
"250 Pharr Rd NE # 779, Atlanta, GA, 30305",69364289,https://www.zillow.com/homedetails/69364289_zpid/,zestimate_history,2026-04-12T16:13:27.761753+00:00,,,,,,,,,,402 Client Error: Payment Required for url: https://zillow.realtyapi.io/graph_charts?recent_first=True&which=zestimate_history&byzpid=69364289&byurl=https%3A%2F%2Fwww.zillow.com%2Fhomedetails%2F69364289_zpid%2F&byaddress=250+Pharr+Rd+NE+%23+779%2C+Atlanta%2C+GA%2C+30305
"602 W Lake Ave NW, Atlanta, GA, 30318",65440824,https://www.zillow.com/homedetails/65440824_zpid/,rent_zestimate_history,2026-04-12T16:13:28.037899+00:00,,,,,,,,,,402 Client Error: Payment Required for url: https://zillow.realtyapi.io/graph_charts?recent_first=True&which=rent_zestimate_history&byzpid=65440824&byurl=https%3A%2F%2Fwww.zillow.com%2Fhomedetails%2F65440824_zpid%2F&byaddress=602+W+Lake+Ave+NW%2C+Atlanta%2C+GA%2C+30318
"602 W Lake Ave NW, Atlanta, GA, 30318",65440824,https://www.zillow.com/homedetails/65440824_zpid/,zestimate_history,2026-04-12T16:13:28.326359+00:00,,,,,,,,,,402 Client Error: Payment Required for url: https://zillow.realtyapi.io/graph_charts?recent_first=True&which=zestimate_history&byzpid=65440824&byurl=https%3A%2F%2Fwww.zillow.com%2Fhomedetails%2F65440824_zpid%2F&byaddress=602+W+Lake+Ave+NW%2C+Atlanta%2C+GA%2C+30318
"1280 W Peachtree St NW Apt 3014 # 3014, Atlanta, GA, 30309",71756208,https://www.zillow.com/homedetails/71756208_zpid/,rent_zestimate_history,2026-04-12T16:13:28.584146+00:00,,,,,,,,,,402 Client Error: Payment Required for url: https://zillow.realtyapi.io/graph_charts?recent_first=True&which=rent_zestimate_history&byzpid=71756208&byurl=https%3A%2F%2Fwww.zillow.com%2Fhomedetails%2F71756208_zpid%2F&byaddress=1280+W+Peachtree+St+NW+Apt+3014+%23+3014%2C+Atlanta%2C+GA%2C+30309
"1280 W Peachtree St NW Apt 3014 # 3014, Atlanta, GA, 30309",71756208,https://www.zillow.com/homedetails/71756208_zpid/,zestimate_history,2026-04-12T16:13:28.839670+00:00,,,,,,,,,,402 Client Error: Payment Required for url: https://zillow.realtyapi.io/graph_charts?recent_first=True&which=zestimate_history&byzpid=71756208&byurl=https%3A%2F%2Fwww.zillow.com%2Fhomedetails%2F71756208_zpid%2F&byaddress=1280+W+Peachtree+St+NW+Apt+3014+%23+3014%2C+Atlanta%2C+GA%2C+30309
"6431 Wright Rd, Atlanta, GA, 30328",35939654,https://www.zillow.com/homedetails/35939654_zpid/,rent_zestimate_history,2026-04-12T16:13:29.102565+00:00,,,,,,,,,,402 Client Error: Payment Required for url: https://zillow.realtyapi.io/graph_charts?recent_first=True&which=rent_zestimate_history&byzpid=35939654&byurl=https%3A%2F%2Fwww.zillow.com%2Fhomedetails%2F35939654_zpid%2F&byaddress=6431+Wright+Rd%2C+Atlanta%2C+GA%2C+30328
"6431 Wright Rd, Atlanta, GA, 30328",35939654,https://www.zillow.com/homedetails/35939654_zpid/,zestimate_history,2026-04-12T16:13:29.359051+00:00,,,,,,,,,,402 Client Error: Payment Required for url: https://zillow.realtyapi.io/graph_charts?recent_first=True&which=zestimate_history&byzpid=35939654&byurl=https%3A%2F%2Fwww.zillow.com%2Fhomedetails%2F35939654_zpid%2F&byaddress=6431+Wright+Rd%2C+Atlanta%2C+GA%2C+30328
"932 Sharon Cir SE, Smyrna, GA, 30080",14302099,https://www.zillow.com/homedetails/14302099_zpid/,rent_zestimate_history,2026-04-12T16:13:29.637833+00:00,,,,,,,,,,402 Client Error: Payment Required for url: https://zillow.realtyapi.io/graph_charts?recent_first=True&which=rent_zestimate_history&byzpid=14302099&byurl=https%3A%2F%2Fwww.zillow.com%2Fhomedetails%2F14302099_zpid%2F&byaddress=932+Sharon+Cir+SE%2C+Smyrna%2C+GA%2C+30080
"932 Sharon Cir SE, Smyrna, GA, 30080",14302099,https://www.zillow.com/homedetails/14302099_zpid/,zestimate_history,2026-04-12T16:13:30.061844+00:00,,,,,,,,,,402 Client Error: Payment Required for url: https://zillow.realtyapi.io/graph_charts?recent_first=True&which=zestimate_history&byzpid=14302099&byurl=https%3A%2F%2Fwww.zillow.com%2Fhomedetails%2F14302099_zpid%2F&byaddress=932+Sharon+Cir+SE%2C+Smyrna%2C+GA%2C+30080
"1100 Liberty Pkwy NW # 403, Atlanta, GA, 30318",455847215,https://www.zillow.com/homedetails/455847215_zpid/,rent_zestimate_history,2026-04-12T16:13:30.323544+00:00,,,,,,,,,,402 Client Error: Payment Required for url: https://zillow.realtyapi.io/graph_charts?recent_first=True&which=rent_zestimate_history&byzpid=455847215&byurl=https%3A%2F%2Fwww.zillow.com%2Fhomedetails%2F455847215_zpid%2F&byaddress=1100+Liberty+Pkwy+NW+%23+403%2C+Atlanta%2C+GA%2C+30318
"1100 Liberty Pkwy NW # 403, Atlanta, GA, 30318",455847215,https://www.zillow.com/homedetails/455847215_zpid/,zestimate_history,2026-04-12T16:13:30.584998+00:00,,,,,,,,,,402 Client Error: Payment Required for url: https://zillow.realtyapi.io/graph_charts?recent_first=True&which=zestimate_history&byzpid=455847215&byurl=https%3A%2F%2Fwww.zillow.com%2Fhomedetails%2F455847215_zpid%2F&byaddress=1100+Liberty+Pkwy+NW+%23+403%2C+Atlanta%2C+GA%2C+30318
"6254 Village Arbor Ln, Mableton, GA, 30126",171299511,https://www.zillow.com/homedetails/171299511_zpid/,rent_zestimate_history,2026-04-12T16:13:30.847616+00:00,,,,,,,,,,402 Client Error: Payment Required for url: https://zillow.realtyapi.io/graph_charts?recent_first=True&which=rent_zestimate_history&byzpid=171299511&byurl=https%3A%2F%2Fwww.zillow.com%2Fhomedetails%2F171299511_zpid%2F&byaddress=6254+Village+Arbor+Ln%2C+Mableton%2C+GA%2C+30126
"6254 Village Arbor Ln, Mableton, GA, 30126",171299511,https://www.zillow.com/homedetails/171299511_zpid/,zestimate_history,2026-04-12T16:13:31.120170+00:00,,,,,,,,,,402 Client Error: Payment Required for url: https://zillow.realtyapi.io/graph_charts?recent_first=True&which=zestimate_history&byzpid=171299511&byurl=https%3A%2F%2Fwww.zillow.com%2Fhomedetails%2F171299511_zpid%2F&byaddress=6254+Village+Arbor+Ln%2C+Mableton%2C+GA%2C+30126
"32 Rumson Ct SE, Smyrna, GA, 30080",14310061,https://www.zillow.com/homedetails/14310061_zpid/,rent_zestimate_history,2026-04-12T16:13:31.422875+00:00,,,,,,,,,,402 Client Error: Payment Required for url: https://zillow.realtyapi.io/graph_charts?recent_first=True&which=rent_zestimate_history&byzpid=14310061&byurl=https%3A%2F%2Fwww.zillow.com%2Fhomedetails%2F14310061_zpid%2F&byaddress=32+Rumson+Ct+SE%2C+Smyrna%2C+GA%2C+30080
"32 Rumson Ct SE, Smyrna, GA, 30080",14310061,https://www.zillow.com/homedetails/14310061_zpid/,zestimate_history,2026-04-12T16:13:31.685588+00:00,,,,,,,,,,402 Client Error: Payment Required for url: https://zillow.realtyapi.io/graph_charts?recent_first=True&which=zestimate_history&byzpid=14310061&byurl=https%3A%2F%2Fwww.zillow.com%2Fhomedetails%2F14310061_zpid%2F&byaddress=32+Rumson+Ct+SE%2C+Smyrna%2C+GA%2C+30080
"1150 Collier Rd NW Apt F8 # F8, Atlanta, GA, 30318",69379688,https://www.zillow.com/homedetails/69379688_zpid/,rent_zestimate_history,2026-04-12T16:13:31.959106+00:00,,,,,,,,,,402 Client Error: Payment Required for url: https://zillow.realtyapi.io/graph_charts?recent_first=True&which=rent_zestimate_history&byzpid=69379688&byurl=https%3A%2F%2Fwww.zillow.com%2Fhomedetails%2F69379688_zpid%2F&byaddress=1150+Collier+Rd+NW+Apt+F8+%23+F8%2C+Atlanta%2C+GA%2C+30318
"1150 Collier Rd NW Apt F8 # F8, Atlanta, GA, 30318",69379688,https://www.zillow.com/homedetails/69379688_zpid/,zestimate_history,2026-04-12T16:13:32.217507+00:00,,,,,,,,,,402 Client Error: Payment Required for url: https://zillow.realtyapi.io/graph_charts?recent_first=True&which=zestimate_history&byzpid=69379688&byurl=https%3A%2F%2Fwww.zillow.com%2Fhomedetails%2F69379688_zpid%2F&byaddress=1150+Collier+Rd+NW+Apt+F8+%23+F8%2C+Atlanta%2C+GA%2C+30318
"799 Hammond Dr # 2, Atlanta, GA, 30328",69371141,https://www.zillow.com/homedetails/69371141_zpid/,rent_zestimate_history,2026-04-12T16:13:32.480034+00:00,,,,,,,,,,402 Client Error: Payment Required for url: https://zillow.realtyapi.io/graph_charts?recent_first=True&which=rent_zestimate_history&byzpid=69371141&byurl=https%3A%2F%2Fwww.zillow.com%2Fhomedetails%2F69371141_zpid%2F&byaddress=799+Hammond+Dr+%23+2%2C+Atlanta%2C+GA%2C+30328
"799 Hammond Dr # 2, Atlanta, GA, 30328",69371141,https://www.zillow.com/homedetails/69371141_zpid/,zestimate_history,2026-04-12T16:13:32.739918+00:00,,,,,,,,,,402 Client Error: Payment Required for url: https://zillow.realtyapi.io/graph_charts?recent_first=True&which=zestimate_history&byzpid=69371141&byurl=https%3A%2F%2Fwww.zillow.com%2Fhomedetails%2F69371141_zpid%2F&byaddress=799+Hammond+Dr+%23+2%2C+Atlanta%2C+GA%2C+30328
"2510 Cumberland Ct SE, Smyrna, GA, 30080",14314915,https://www.zillow.com/homedetails/14314915_zpid/,rent_zestimate_history,2026-04-12T16:13:32.999037+00:00,,,,,,,,,,402 Client Error: Payment Required for url: https://zillow.realtyapi.io/graph_charts?recent_first=True&which=rent_zestimate_history&byzpid=14314915&byurl=https%3A%2F%2Fwww.zillow.com%2Fhomedetails%2F14314915_zpid%2F&byaddress=2510+Cumberland+Ct+SE%2C+Smyrna%2C+GA%2C+30080
"2510 Cumberland Ct SE, Smyrna, GA, 30080",14314915,https://www.zillow.com/homedetails/14314915_zpid/,zestimate_history,2026-04-12T16:13:33.264083+00:00,,,,,,,,,,402 Client Error: Payment Required for url: https://zillow.realtyapi.io/graph_charts?recent_first=True&which=zestimate_history&byzpid=14314915&byurl=https%3A%2F%2Fwww.zillow.com%2Fhomedetails%2F14314915_zpid%2F&byaddress=2510+Cumberland+Ct+SE%2C+Smyrna%2C+GA%2C+30080
"599 Saint James Walk SE, Marietta, GA, 30067",14310980,https://www.zillow.com/homedetails/14310980_zpid/,rent_zestimate_history,2026-04-12T16:13:33.522288+00:00,,,,,,,,,,402 Client Error: Payment Required for url: https://zillow.realtyapi.io/graph_charts?recent_first=True&which=rent_zestimate_history&byzpid=14310980&byurl=https%3A%2F%2Fwww.zillow.com%2Fhomedetails%2F14310980_zpid%2F&byaddress=599+Saint+James+Walk+SE%2C+Marietta%2C+GA%2C+30067
"599 Saint James Walk SE, Marietta, GA, 30067",14310980,https://www.zillow.com/homedetails/14310980_zpid/,zestimate_history,2026-04-12T16:13:33.783362+00:00,,,,,,,,,,402 Client Error: Payment Required for url: https://zillow.realtyapi.io/graph_charts?recent_first=True&which=zestimate_history&byzpid=14310980&byurl=https%3A%2F%2Fwww.zillow.com%2Fhomedetails%2F14310980_zpid%2F&byaddress=599+Saint+James+Walk+SE%2C+Marietta%2C+GA%2C+30067
"4781 Highside Way, Smyrna, GA, 30082",306708772,https://www.zillow.com/homedetails/306708772_zpid/,rent_zestimate_history,2026-04-12T16:13:34.162223+00:00,,,,,,,,,,402 Client Error: Payment Required for url: https://zillow.realtyapi.io/graph_charts?recent_first=True&which=rent_zestimate_history&byzpid=306708772&byurl=https%3A%2F%2Fwww.zillow.com%2Fhomedetails%2F306708772_zpid%2F&byaddress=4781+Highside+Way%2C+Smyrna%2C+GA%2C+30082
"4781 Highside Way, Smyrna, GA, 30082",306708772,https://www.zillow.com/homedetails/306708772_zpid/,zestimate_history,2026-04-12T16:13:34.442237+00:00,,,,,,,,,,402 Client Error: Payment Required for url: https://zillow.realtyapi.io/graph_charts?recent_first=True&which=zestimate_history&byzpid=306708772&byurl=https%3A%2F%2Fwww.zillow.com%2Fhomedetails%2F306708772_zpid%2F&byaddress=4781+Highside+Way%2C+Smyrna%2C+GA%2C+30082
"57 Forsyth St NW # 16, Atlanta, GA, 30303",65462850,https://www.zillow.com/homedetails/65462850_zpid/,rent_zestimate_history,2026-04-12T16:13:34.709242+00:00,,,,,,,,,,402 Client Error: Payment Required for url: https://zillow.realtyapi.io/graph_charts?recent_first=True&which=rent_zestimate_history&byzpid=65462850&byurl=https%3A%2F%2Fwww.zillow.com%2Fhomedetails%2F65462850_zpid%2F&byaddress=57+Forsyth+St+NW+%23+16%2C+Atlanta%2C+GA%2C+30303
"57 Forsyth St NW # 16, Atlanta, GA, 30303",65462850,https://www.zillow.com/homedetails/65462850_zpid/,zestimate_history,2026-04-12T16:13:34.978718+00:00,,,,,,,,,,402 Client Error: Payment Required for url: https://zillow.realtyapi.io/graph_charts?recent_first=True&which=zestimate_history&byzpid=65462850&byurl=https%3A%2F%2Fwww.zillow.com%2Fhomedetails%2F65462850_zpid%2F&byaddress=57+Forsyth+St+NW+%23+16%2C+Atlanta%2C+GA%2C+30303
"3040 Peachtree Rd NW # 1602, Atlanta, ga, 30305-2291",82623879,https://www.zillow.com/homedetails/82623879_zpid/,rent_zestimate_history,2026-04-12T16:13:35.238791+00:00,,,,,,,,,,402 Client Error: Payment Required for url: https://zillow.realtyapi.io/graph_charts?recent_first=True&which=rent_zestimate_history&byzpid=82623879&byurl=https%3A%2F%2Fwww.zillow.com%2Fhomedetails%2F82623879_zpid%2F&byaddress=3040+Peachtree+Rd+NW+%23+1602%2C+Atlanta%2C+ga%2C+30305-2291
"3040 Peachtree Rd NW # 1602, Atlanta, ga, 30305-2291",82623879,https://www.zillow.com/homedetails/82623879_zpid/,zestimate_history,2026-04-12T16:13:35.497900+00:00,,,,,,,,,,402 Client Error: Payment Required for url: https://zillow.realtyapi.io/graph_charts?recent_first=True&which=zestimate_history&byzpid=82623879&byurl=https%3A%2F%2Fwww.zillow.com%2Fhomedetails%2F82623879_zpid%2F&byaddress=3040+Peachtree+Rd+NW+%23+1602%2C+Atlanta%2C+ga%2C+30305-2291
"3458 Fenton Dr SE, Smyrna, GA, 30080",171299067,https://www.zillow.com/homedetails/171299067_zpid/,rent_zestimate_history,2026-04-12T16:13:35.758695+00:00,,,,,,,,,,402 Client Error: Payment Required for url: https://zillow.realtyapi.io/graph_charts?recent_first=True&which=rent_zestimate_history&byzpid=171299067&byurl=https%3A%2F%2Fwww.zillow.com%2Fhomedetails%2F171299067_zpid%2F&byaddress=3458+Fenton+Dr+SE%2C+Smyrna%2C+GA%2C+30080
"3458 Fenton Dr SE, Smyrna, GA, 30080",171299067,https://www.zillow.com/homedetails/171299067_zpid/,zestimate_history,2026-04-12T16:13:36.300094+00:00,,,,,,,,,,402 Client Error: Payment Required for url: https://zillow.realtyapi.io/graph_charts?recent_first=True&which=zestimate_history&byzpid=171299067&byurl=https%3A%2F%2Fwww.zillow.com%2Fhomedetails%2F171299067_zpid%2F&byaddress=3458+Fenton+Dr+SE%2C+Smyrna%2C+GA%2C+30080
"1212 Stone Castle Cir SE, Smyrna, GA, 30080",252990711,https://www.zillow.com/homedetails/252990711_zpid/,rent_zestimate_history,2026-04-12T16:13:36.567062+00:00,,,,,,,,,,402 Client Error: Payment Required for url: https://zillow.realtyapi.io/graph_charts?recent_first=True&which=rent_zestimate_history&byzpid=252990711&byurl=https%3A%2F%2Fwww.zillow.com%2Fhomedetails%2F252990711_zpid%2F&byaddress=1212+Stone+Castle+Cir+SE%2C+Smyrna%2C+GA%2C+30080
"1212 Stone Castle Cir SE, Smyrna, GA, 30080",252990711,https://www.zillow.com/homedetails/252990711_zpid/,zestimate_history,2026-04-12T16:13:36.818825+00:00,,,,,,,,,,402 Client Error: Payment Required for url: https://zillow.realtyapi.io/graph_charts?recent_first=True&which=zestimate_history&byzpid=252990711&byurl=https%3A%2F%2Fwww.zillow.com%2Fhomedetails%2F252990711_zpid%2F&byaddress=1212+Stone+Castle+Cir+SE%2C+Smyrna%2C+GA%2C+30080
"1280 W Peachtree St NW Apt 1402 # 1402, Atlanta, GA, 30309",71759463,https://www.zillow.com/homedetails/71759463_zpid/,rent_zestimate_history,2026-04-12T16:13:37.098778+00:00,,,,,,,,,,402 Client Error: Payment Required for url: https://zillow.realtyapi.io/graph_charts?recent_first=True&which=rent_zestimate_history&byzpid=71759463&byurl=https%3A%2F%2Fwww.zillow.com%2Fhomedetails%2F71759463_zpid%2F&byaddress=1280+W+Peachtree+St+NW+Apt+1402+%23+1402%2C+Atlanta%2C+GA%2C+30309
"1280 W Peachtree St NW Apt 1402 # 1402, Atlanta, GA, 30309",71759463,https://www.zillow.com/homedetails/71759463_zpid/,zestimate_history,2026-04-12T16:13:37.362665+00:00,,,,,,,,,,402 Client Error: Payment Required for url: https://zillow.realtyapi.io/graph_charts?recent_first=True&which=zestimate_history&byzpid=71759463&byurl=https%3A%2F%2Fwww.zillow.com%2Fhomedetails%2F71759463_zpid%2F&byaddress=1280+W+Peachtree+St+NW+Apt+1402+%23+1402%2C+Atlanta%2C+GA%2C+30309
"3777 Peachtree Rd NE Apt 1205 # 1205, Brookhaven, GA, 30319",2099113929,https://www.zillow.com/homedetails/2099113929_zpid/,rent_zestimate_history,2026-04-12T16:13:37.616758+00:00,,,,,,,,,,402 Client Error: Payment Required for url: https://zillow.realtyapi.io/graph_charts?recent_first=True&which=rent_zestimate_history&byzpid=2099113929&byurl=https%3A%2F%2Fwww.zillow.com%2Fhomedetails%2F2099113929_zpid%2F&byaddress=3777+Peachtree+Rd+NE+Apt+1205+%23+1205%2C+Brookhaven%2C+GA%2C+30319
"3777 Peachtree Rd NE Apt 1205 # 1205, Brookhaven, GA, 30319",2099113929,https://www.zillow.com/homedetails/2099113929_zpid/,zestimate_history,2026-04-12T16:13:37.879410+00:00,,,,,,,,,,402 Client Error: Payment Required for url: https://zillow.realtyapi.io/graph_charts?recent_first=True&which=zestimate_history&byzpid=2099113929&byurl=https%3A%2F%2Fwww.zillow.com%2Fhomedetails%2F2099113929_zpid%2F&byaddress=3777+Peachtree+Rd+NE+Apt+1205+%23+1205%2C+Brookhaven%2C+GA%2C+30319
"955 Juniper St NE # 2316, Atlanta, GA, 30309",65469251,https://www.zillow.com/homedetails/65469251_zpid/,rent_zestimate_history,2026-04-12T16:13:38.136571+00:00,,,,,,,,,,402 Client Error: Payment Required for url: https://zillow.realtyapi.io/graph_charts?recent_first=True&which=rent_zestimate_history&byzpid=65469251&byurl=https%3A%2F%2Fwww.zillow.com%2Fhomedetails%2F65469251_zpid%2F&byaddress=955+Juniper+St+NE+%23+2316%2C+Atlanta%2C+GA%2C+30309
"955 Juniper St NE # 2316, Atlanta, GA, 30309",65469251,https://www.zillow.com/homedetails/65469251_zpid/,zestimate_history,2026-04-12T16:13:38.421422+00:00,,,,,,,,,,402 Client Error: Payment Required for url: https://zillow.realtyapi.io/graph_charts?recent_first=True&which=zestimate_history&byzpid=65469251&byurl=https%3A%2F%2Fwww.zillow.com%2Fhomedetails%2F65469251_zpid%2F&byaddress=955+Juniper+St+NE+%23+2316%2C+Atlanta%2C+GA%2C+30309
"4247 Millside Walk SE, Smyrna, GA, 30080",14306247,https://www.zillow.com/homedetails/14306247_zpid/,rent_zestimate_history,2026-04-12T16:13:38.687797+00:00,,,,,,,,,,402 Client Error: Payment Required for url: https://zillow.realtyapi.io/graph_charts?recent_first=True&which=rent_zestimate_history&byzpid=14306247&byurl=https%3A%2F%2Fwww.zillow.com%2Fhomedetails%2F14306247_zpid%2F&byaddress=4247+Millside+Walk+SE%2C+Smyrna%2C+GA%2C+30080
"4247 Millside Walk SE, Smyrna, GA, 30080",14306247,https://www.zillow.com/homedetails/14306247_zpid/,zestimate_history,2026-04-12T16:13:38.952285+00:00,,,,,,,,,,402 Client Error: Payment Required for url: https://zillow.realtyapi.io/graph_charts?recent_first=True&which=zestimate_history&byzpid=14306247&byurl=https%3A%2F%2Fwww.zillow.com%2Fhomedetails%2F14306247_zpid%2F&byaddress=4247+Millside+Walk+SE%2C+Smyrna%2C+GA%2C+30080
"950 W Peachtree St NW # 610, Atlanta, GA, 30309",446339470,https://www.zillow.com/homedetails/446339470_zpid/,rent_zestimate_history,2026-04-12T16:13:39.217031+00:00,,,,,,,,,,402 Client Error: Payment Required for url: https://zillow.realtyapi.io/graph_charts?recent_first=True&which=rent_zestimate_history&byzpid=446339470&byurl=https%3A%2F%2Fwww.zillow.com%2Fhomedetails%2F446339470_zpid%2F&byaddress=950+W+Peachtree+St+NW+%23+610%2C+Atlanta%2C+GA%2C+30309
"950 W Peachtree St NW # 610, Atlanta, GA, 30309",446339470,https://www.zillow.com/homedetails/446339470_zpid/,zestimate_history,2026-04-12T16:13:39.481225+00:00,,,,,,,,,,402 Client Error: Payment Required for url: https://zillow.realtyapi.io/graph_charts?recent_first=True&which=zestimate_history&byzpid=446339470&byurl=https%3A%2F%2Fwww.zillow.com%2Fhomedetails%2F446339470_zpid%2F&byaddress=950+W+Peachtree+St+NW+%23+610%2C+Atlanta%2C+GA%2C+30309
"424 Lindbergh Dr NE # 208, Atlanta, GA, 30305",2086299795,https://www.zillow.com/homedetails/2086299795_zpid/,rent_zestimate_history,2026-04-12T16:13:39.787765+00:00,,,,,,,,,,402 Client Error: Payment Required for url: https://zillow.realtyapi.io/graph_charts?recent_first=True&which=rent_zestimate_history&byzpid=2086299795&byurl=https%3A%2F%2Fwww.zillow.com%2Fhomedetails%2F2086299795_zpid%2F&byaddress=424+Lindbergh+Dr+NE+%23+208%2C+Atlanta%2C+GA%2C+30305
"424 Lindbergh Dr NE # 208, Atlanta, GA, 30305",2086299795,https://www.zillow.com/homedetails/2086299795_zpid/,zestimate_history,2026-04-12T16:13:40.051619+00:00,,,,,,,,,,402 Client Error: Payment Required for url: https://zillow.realtyapi.io/graph_charts?recent_first=True&which=zestimate_history&byzpid=2086299795&byurl=https%3A%2F%2Fwww.zillow.com%2Fhomedetails%2F2086299795_zpid%2F&byaddress=424+Lindbergh+Dr+NE+%23+208%2C+Atlanta%2C+GA%2C+30305
"120 Ralph Mcgill Blvd NE Apt 202 # 202, Atlanta, GA, 30308",82626092,https://www.zillow.com/homedetails/82626092_zpid/,rent_zestimate_history,2026-04-12T16:13:40.339831+00:00,,,,,,,,,,402 Client Error: Payment Required for url: https://zillow.realtyapi.io/graph_charts?recent_first=True&which=rent_zestimate_history&byzpid=82626092&byurl=https%3A%2F%2Fwww.zillow.com%2Fhomedetails%2F82626092_zpid%2F&byaddress=120+Ralph+Mcgill+Blvd+NE+Apt+202+%23+202%2C+Atlanta%2C+GA%2C+30308
"120 Ralph Mcgill Blvd NE Apt 202 # 202, Atlanta, GA, 30308",82626092,https://www.zillow.com/homedetails/82626092_zpid/,zestimate_history,2026-04-12T16:13:40.662922+00:00,,,,,,,,,,402 Client Error: Payment Required for url: https://zillow.realtyapi.io/graph_charts?recent_first=True&which=zestimate_history&byzpid=82626092&byurl=https%3A%2F%2Fwww.zillow.com%2Fhomedetails%2F82626092_zpid%2F&byaddress=120+Ralph+Mcgill+Blvd+NE+Apt+202+%23+202%2C+Atlanta%2C+GA%2C+30308
"3475 Oak Valley Rd NE Apt 120 # 120, Atlanta, GA, 30326",35928232,https://www.zillow.com/homedetails/35928232_zpid/,rent_zestimate_history,2026-04-12T16:13:40.921372+00:00,,,,,,,,,,402 Client Error: Payment Required for url: https://zillow.realtyapi.io/graph_charts?recent_first=True&which=rent_zestimate_history&byzpid=35928232&byurl=https%3A%2F%2Fwww.zillow.com%2Fhomedetails%2F35928232_zpid%2F&byaddress=3475+Oak+Valley+Rd+NE+Apt+120+%23+120%2C+Atlanta%2C+GA%2C+30326
"3475 Oak Valley Rd NE Apt 120 # 120, Atlanta, GA, 30326",35928232,https://www.zillow.com/homedetails/35928232_zpid/,zestimate_history,2026-04-12T16:13:41.195101+00:00,,,,,,,,,,402 Client Error: Payment Required for url: https://zillow.realtyapi.io/graph_charts?recent_first=True&which=zestimate_history&byzpid=35928232&byurl=https%3A%2F%2Fwww.zillow.com%2Fhomedetails%2F35928232_zpid%2F&byaddress=3475+Oak+Valley+Rd+NE+Apt+120+%23+120%2C+Atlanta%2C+GA%2C+30326
"4805 W Village Way SE # 2000/2, Smyrna, GA, 30080",87686743,https://www.zillow.com/homedetails/87686743_zpid/,rent_zestimate_history,2026-04-12T16:13:41.457357+00:00,,,,,,,,,,402 Client Error: Payment Required for url: https://zillow.realtyapi.io/graph_charts?recent_first=True&which=rent_zestimate_history&byzpid=87686743&byurl=https%3A%2F%2Fwww.zillow.com%2Fhomedetails%2F87686743_zpid%2F&byaddress=4805+W+Village+Way+SE+%23+2000%2F2%2C+Smyrna%2C+GA%2C+30080
"4805 W Village Way SE # 2000/2, Smyrna, GA, 30080",87686743,https://www.zillow.com/homedetails/87686743_zpid/,zestimate_history,2026-04-12T16:13:41.717719+00:00,,,,,,,,,,402 Client Error: Payment Required for url: https://zillow.realtyapi.io/graph_charts?recent_first=True&which=zestimate_history&byzpid=87686743&byurl=https%3A%2F%2Fwww.zillow.com%2Fhomedetails%2F87686743_zpid%2F&byaddress=4805+W+Village+Way+SE+%23+2000%2F2%2C+Smyrna%2C+GA%2C+30080
"1112 Harwell St NW, Atlanta, GA, 30314",35834415,https://www.zillow.com/homedetails/35834415_zpid/,rent_zestimate_history,2026-04-12T16:13:41.984712+00:00,,,,,,,,,,402 Client Error: Payment Required for url: https://zillow.realtyapi.io/graph_charts?recent_first=True&which=rent_zestimate_history&byzpid=35834415&byurl=https%3A%2F%2Fwww.zillow.com%2Fhomedetails%2F35834415_zpid%2F&byaddress=1112+Harwell+St+NW%2C+Atlanta%2C+GA%2C+30314
"1112 Harwell St NW, Atlanta, GA, 30314",35834415,https://www.zillow.com/homedetails/35834415_zpid/,zestimate_history,2026-04-12T16:13:42.236856+00:00,,,,,,,,,,402 Client Error: Payment Required for url: https://zillow.realtyapi.io/graph_charts?recent_first=True&which=zestimate_history&byzpid=35834415&byurl=https%3A%2F%2Fwww.zillow.com%2Fhomedetails%2F35834415_zpid%2F&byaddress=1112+Harwell+St+NW%2C+Atlanta%2C+GA%2C+30314
"32 Peachtree St NW Apt 1307 # 1307, Atlanta, GA, 30303",65462938,https://www.zillow.com/homedetails/65462938_zpid/,rent_zestimate_history,2026-04-12T16:13:42.507072+00:00,,,,,,,,,,402 Client Error: Payment Required for url: https://zillow.realtyapi.io/graph_charts?recent_first=True&which=rent_zestimate_history&byzpid=65462938&byurl=https%3A%2F%2Fwww.zillow.com%2Fhomedetails%2F65462938_zpid%2F&byaddress=32+Peachtree+St+NW+Apt+1307+%23+1307%2C+Atlanta%2C+GA%2C+30303
"32 Peachtree St NW Apt 1307 # 1307, Atlanta, GA, 30303",65462938,https://www.zillow.com/homedetails/65462938_zpid/,zestimate_history,2026-04-12T16:13:42.768804+00:00,,,,,,,,,,402 Client Error: Payment Required for url: https://zillow.realtyapi.io/graph_charts?recent_first=True&which=zestimate_history&byzpid=65462938&byurl=https%3A%2F%2Fwww.zillow.com%2Fhomedetails%2F65462938_zpid%2F&byaddress=32+Peachtree+St+NW+Apt+1307+%23+1307%2C+Atlanta%2C+GA%2C+30303
"3201 Lenox Rd NE # 26, Atlanta, GA, 30324",461491210,https://www.zillow.com/homedetails/461491210_zpid/,rent_zestimate_history,2026-04-12T16:13:43.041281+00:00,,,,,,,,,,402 Client Error: Payment Required for url: https://zillow.realtyapi.io/graph_charts?recent_first=True&which=rent_zestimate_history&byzpid=461491210&byurl=https%3A%2F%2Fwww.zillow.com%2Fhomedetails%2F461491210_zpid%2F&byaddress=3201+Lenox+Rd+NE+%23+26%2C+Atlanta%2C+GA%2C+30324
"3201 Lenox Rd NE # 26, Atlanta, GA, 30324",461491210,https://www.zillow.com/homedetails/461491210_zpid/,zestimate_history,2026-04-12T16:13:43.298774+00:00,,,,,,,,,,402 Client Error: Payment Required for url: https://zillow.realtyapi.io/graph_charts?recent_first=True&which=zestimate_history&byzpid=461491210&byurl=https%3A%2F%2Fwww.zillow.com%2Fhomedetails%2F461491210_zpid%2F&byaddress=3201+Lenox+Rd+NE+%23+26%2C+Atlanta%2C+GA%2C+30324
"2158 Freydale Rd SE, Marietta, GA, 30067",14310750,https://www.zillow.com/homedetails/14310750_zpid/,rent_zestimate_history,2026-04-12T16:13:43.595136+00:00,,,,,,,,,,402 Client Error: Payment Required for url: https://zillow.realtyapi.io/graph_charts?recent_first=True&which=rent_zestimate_history&byzpid=14310750&byurl=https%3A%2F%2Fwww.zillow.com%2Fhomedetails%2F14310750_zpid%2F&byaddress=2158+Freydale+Rd+SE%2C+Marietta%2C+GA%2C+30067
"2158 Freydale Rd SE, Marietta, GA, 30067",14310750,https://www.zillow.com/homedetails/14310750_zpid/,zestimate_history,2026-04-12T16:13:43.861713+00:00,,,,,,,,,,402 Client Error: Payment Required for url: https://zillow.realtyapi.io/graph_charts?recent_first=True&which=zestimate_history&byzpid=14310750&byurl=https%3A%2F%2Fwww.zillow.com%2Fhomedetails%2F14310750_zpid%2F&byaddress=2158+Freydale+Rd+SE%2C+Marietta%2C+GA%2C+30067
"970 Sidney Marcus Blvd NE # 2319, Atlanta, GA, 30324",2086976750,https://www.zillow.com/homedetails/2086976750_zpid/,rent_zestimate_history,2026-04-12T16:13:44.148384+00:00,,,,,,,,,,402 Client Error: Payment Required for url: https://zillow.realtyapi.io/graph_charts?recent_first=True&which=rent_zestimate_history&byzpid=2086976750&byurl=https%3A%2F%2Fwww.zillow.com%2Fhomedetails%2F2086976750_zpid%2F&byaddress=970+Sidney+Marcus+Blvd+NE+%23+2319%2C+Atlanta%2C+GA%2C+30324
"970 Sidney Marcus Blvd NE # 2319, Atlanta, GA, 30324",2086976750,https://www.zillow.com/homedetails/2086976750_zpid/,zestimate_history,2026-04-12T16:13:44.402465+00:00,,,,,,,,,,402 Client Error: Payment Required for url: https://zillow.realtyapi.io/graph_charts?recent_first=True&which=zestimate_history&byzpid=2086976750&byurl=https%3A%2F%2Fwww.zillow.com%2Fhomedetails%2F2086976750_zpid%2F&byaddress=970+Sidney+Marcus+Blvd+NE+%23+2319%2C+Atlanta%2C+GA%2C+30324
"115 W West Peachtree Pl NW # 709, Atlanta, GA, 30313",65463076,https://www.zillow.com/homedetails/65463076_zpid/,rent_zestimate_history,2026-04-12T16:13:44.681811+00:00,,,,,,,,,,402 Client Error: Payment Required for url: https://zillow.realtyapi.io/graph_charts?recent_first=True&which=rent_zestimate_history&byzpid=65463076&byurl=https%3A%2F%2Fwww.zillow.com%2Fhomedetails%2F65463076_zpid%2F&byaddress=115+W+West+Peachtree+Pl+NW+%23+709%2C+Atlanta%2C+GA%2C+30313
"115 W West Peachtree Pl NW # 709, Atlanta, GA, 30313",65463076,https://www.zillow.com/homedetails/65463076_zpid/,zestimate_history,2026-04-12T16:13:44.940528+00:00,,,,,,,,,,402 Client Error: Payment Required for url: https://zillow.realtyapi.io/graph_charts?recent_first=True&which=zestimate_history&byzpid=65463076&byurl=https%3A%2F%2Fwww.zillow.com%2Fhomedetails%2F65463076_zpid%2F&byaddress=115+W+West+Peachtree+Pl+NW+%23+709%2C+Atlanta%2C+GA%2C+30313
"1445 Monroe Dr NE Apt F15 # F15, Atlanta, GA, 30324",69378658,https://www.zillow.com/homedetails/69378658_zpid/,rent_zestimate_history,2026-04-12T16:13:45.214479+00:00,,,,,,,,,,402 Client Error: Payment Required for url: https://zillow.realtyapi.io/graph_charts?recent_first=True&which=rent_zestimate_history&byzpid=69378658&byurl=https%3A%2F%2Fwww.zillow.com%2Fhomedetails%2F69378658_zpid%2F&byaddress=1445+Monroe+Dr+NE+Apt+F15+%23+F15%2C+Atlanta%2C+GA%2C+30324
"1445 Monroe Dr NE Apt F15 # F15, Atlanta, GA, 30324",69378658,https://www.zillow.com/homedetails/69378658_zpid/,zestimate_history,2026-04-12T16:13:45.523415+00:00,,,,,,,,,,402 Client Error: Payment Required for url: https://zillow.realtyapi.io/graph_charts?recent_first=True&which=zestimate_history&byzpid=69378658&byurl=https%3A%2F%2Fwww.zillow.com%2Fhomedetails%2F69378658_zpid%2F&byaddress=1445+Monroe+Dr+NE+Apt+F15+%23+F15%2C+Atlanta%2C+GA%2C+30324
"1428 Liberty Pkwy NW, Atlanta, GA, 30318",88817721,https://www.zillow.com/homedetails/88817721_zpid/,rent_zestimate_history,2026-04-12T16:13:45.797657+00:00,,,,,,,,,,402 Client Error: Payment Required for url: https://zillow.realtyapi.io/graph_charts?recent_first=True&which=rent_zestimate_history&byzpid=88817721&byurl=https%3A%2F%2Fwww.zillow.com%2Fhomedetails%2F88817721_zpid%2F&byaddress=1428+Liberty+Pkwy+NW%2C+Atlanta%2C+GA%2C+30318
"1428 Liberty Pkwy NW, Atlanta, GA, 30318",88817721,https://www.zillow.com/homedetails/88817721_zpid/,zestimate_history,2026-04-12T16:13:46.064638+00:00,,,,,,,,,,402 Client Error: Payment Required for url: https://zillow.realtyapi.io/graph_charts?recent_first=True&which=zestimate_history&byzpid=88817721&byurl=https%3A%2F%2Fwww.zillow.com%2Fhomedetails%2F88817721_zpid%2F&byaddress=1428+Liberty+Pkwy+NW%2C+Atlanta%2C+GA%2C+30318
"2230 Cheshire Bridge Rd NE # 403, Atlanta, GA, 30324",2067110853,https://www.zillow.com/homedetails/2067110853_zpid/,rent_zestimate_history,2026-04-12T16:13:46.332422+00:00,,,,,,,,,,402 Client Error: Payment Required for url: https://zillow.realtyapi.io/graph_charts?recent_first=True&which=rent_zestimate_history&byzpid=2067110853&byurl=https%3A%2F%2Fwww.zillow.com%2Fhomedetails%2F2067110853_zpid%2F&byaddress=2230+Cheshire+Bridge+Rd+NE+%23+403%2C+Atlanta%2C+GA%2C+30324
"2230 Cheshire Bridge Rd NE # 403, Atlanta, GA, 30324",2067110853,https://www.zillow.com/homedetails/2067110853_zpid/,zestimate_history,2026-04-12T16:13:46.600976+00:00,,,,,,,,,,402 Client Error: Payment Required for url: https://zillow.realtyapi.io/graph_charts?recent_first=True&which=zestimate_history&byzpid=2067110853&byurl=https%3A%2F%2Fwww.zillow.com%2Fhomedetails%2F2067110853_zpid%2F&byaddress=2230+Cheshire+Bridge+Rd+NE+%23+403%2C+Atlanta%2C+GA%2C+30324
"3685 Peachtree Rd NE # 1, Atlanta, GA, 30319",35895427,https://www.zillow.com/homedetails/35895427_zpid/,rent_zestimate_history,2026-04-12T16:13:46.865354+00:00,,,,,,,,,,402 Client Error: Payment Required for url: https://zillow.realtyapi.io/graph_charts?recent_first=True&which=rent_zestimate_history&byzpid=35895427&byurl=https%3A%2F%2Fwww.zillow.com%2Fhomedetails%2F35895427_zpid%2F&byaddress=3685+Peachtree+Rd+NE+%23+1%2C+Atlanta%2C+GA%2C+30319
"3685 Peachtree Rd NE # 1, Atlanta, GA, 30319",35895427,https://www.zillow.com/homedetails/35895427_zpid/,zestimate_history,2026-04-12T16:13:47.123410+00:00,,,,,,,,,,402 Client Error: Payment Required for url: https://zillow.realtyapi.io/graph_charts?recent_first=True&which=zestimate_history&byzpid=35895427&byurl=https%3A%2F%2Fwww.zillow.com%2Fhomedetails%2F35895427_zpid%2F&byaddress=3685+Peachtree+Rd+NE+%23+1%2C+Atlanta%2C+GA%2C+30319
"7500 Roswell Rd # 78, Atlanta, GA, 30350",2069626572,https://www.zillow.com/homedetails/2069626572_zpid/,rent_zestimate_history,2026-04-12T16:13:47.567509+00:00,,,,,,,,,,402 Client Error: Payment Required for url: https://zillow.realtyapi.io/graph_charts?recent_first=True&which=rent_zestimate_history&byzpid=2069626572&byurl=https%3A%2F%2Fwww.zillow.com%2Fhomedetails%2F2069626572_zpid%2F&byaddress=7500+Roswell+Rd+%23+78%2C+Atlanta%2C+GA%2C+30350
"7500 Roswell Rd # 78, Atlanta, GA, 30350",2069626572,https://www.zillow.com/homedetails/2069626572_zpid/,zestimate_history,2026-04-12T16:13:47.988986+00:00,,,,,,,,,,402 Client Error: Payment Required for url: https://zillow.realtyapi.io/graph_charts?recent_first=True&which=zestimate_history&byzpid=2069626572&byurl=https%3A%2F%2Fwww.zillow.com%2Fhomedetails%2F2069626572_zpid%2F&byaddress=7500+Roswell+Rd+%23+78%2C+Atlanta%2C+GA%2C+30350
"1854 Caswell Pkwy # 56, Marietta, GA, 30060",248234622,https://www.zillow.com/homedetails/248234622_zpid/,rent_zestimate_history,2026-04-12T16:13:48.272562+00:00,,,,,,,,,,402 Client Error: Payment Required for url: https://zillow.realtyapi.io/graph_charts?recent_first=True&which=rent_zestimate_history&byzpid=248234622&byurl=https%3A%2F%2Fwww.zillow.com%2Fhomedetails%2F248234622_zpid%2F&byaddress=1854+Caswell+Pkwy+%23+56%2C+Marietta%2C+GA%2C+30060
"1854 Caswell Pkwy # 56, Marietta, GA, 30060",248234622,https://www.zillow.com/homedetails/248234622_zpid/,zestimate_history,2026-04-12T16:13:48.545749+00:00,,,,,,,,,,402 Client Error: Payment Required for url: https://zillow.realtyapi.io/graph_charts?recent_first=True&which=zestimate_history&byzpid=248234622&byurl=https%3A%2F%2Fwww.zillow.com%2Fhomedetails%2F248234622_zpid%2F&byaddress=1854+Caswell+Pkwy+%23+56%2C+Marietta%2C+GA%2C+30060
"2133 Lucerne Ln SE, Smyrna, GA, 30080",60156838,https://www.zillow.com/homedetails/60156838_zpid/,rent_zestimate_history,2026-04-12T16:13:48.800815+00:00,,,,,,,,,,402 Client Error: Payment Required for url: https://zillow.realtyapi.io/graph_charts?recent_first=True&which=rent_zestimate_history&byzpid=60156838&byurl=https%3A%2F%2Fwww.zillow.com%2Fhomedetails%2F60156838_zpid%2F&byaddress=2133+Lucerne+Ln+SE%2C+Smyrna%2C+GA%2C+30080
"2133 Lucerne Ln SE, Smyrna, GA, 30080",60156838,https://www.zillow.com/homedetails/60156838_zpid/,zestimate_history,2026-04-12T16:13:49.060913+00:00,,,,,,,,,,402 Client Error: Payment Required for url: https://zillow.realtyapi.io/graph_charts?recent_first=True&which=zestimate_history&byzpid=60156838&byurl=https%3A%2F%2Fwww.zillow.com%2Fhomedetails%2F60156838_zpid%2F&byaddress=2133+Lucerne+Ln+SE%2C+Smyrna%2C+GA%2C+30080
"423 Jefferson Cir # 423, Atlanta, GA, 30328",2103910432,https://www.zillow.com/homedetails/2103910432_zpid/,rent_zestimate_history,2026-04-12T16:13:49.328604+00:00,,,,,,,,,,402 Client Error: Payment Required for url: https://zillow.realtyapi.io/graph_charts?recent_first=True&which=rent_zestimate_history&byzpid=2103910432&byurl=https%3A%2F%2Fwww.zillow.com%2Fhomedetails%2F2103910432_zpid%2F&byaddress=423+Jefferson+Cir+%23+423%2C+Atlanta%2C+GA%2C+30328
"423 Jefferson Cir # 423, Atlanta, GA, 30328",2103910432,https://www.zillow.com/homedetails/2103910432_zpid/,zestimate_history,2026-04-12T16:13:49.583069+00:00,,,,,,,,,,402 Client Error: Payment Required for url: https://zillow.realtyapi.io/graph_charts?recent_first=True&which=zestimate_history&byzpid=2103910432&byurl=https%3A%2F%2Fwww.zillow.com%2Fhomedetails%2F2103910432_zpid%2F&byaddress=423+Jefferson+Cir+%23+423%2C+Atlanta%2C+GA%2C+30328
"64 Chaumont Sq NW, Atlanta, GA, 30327",35915088,https://www.zillow.com/homedetails/35915088_zpid/,rent_zestimate_history,2026-04-12T16:13:49.979864+00:00,,,,,,,,,,402 Client Error: Payment Required for url: https://zillow.realtyapi.io/graph_charts?recent_first=True&which=rent_zestimate_history&byzpid=35915088&byurl=https%3A%2F%2Fwww.zillow.com%2Fhomedetails%2F35915088_zpid%2F&byaddress=64+Chaumont+Sq+NW%2C+Atlanta%2C+GA%2C+30327
"64 Chaumont Sq NW, Atlanta, GA, 30327",35915088,https://www.zillow.com/homedetails/35915088_zpid/,zestimate_history,2026-04-12T16:13:50.241823+00:00,,,,,,,,,,402 Client Error: Payment Required for url: https://zillow.realtyapi.io/graph_charts?recent_first=True&which=zestimate_history&byzpid=35915088&byurl=https%3A%2F%2Fwww.zillow.com%2Fhomedetails%2F35915088_zpid%2F&byaddress=64+Chaumont+Sq+NW%2C+Atlanta%2C+GA%2C+30327
"3650 Ashford Dunwoody Rd NE # 214, Brookhaven, GA, 30319",70829630,https://www.zillow.com/homedetails/70829630_zpid/,rent_zestimate_history,2026-04-12T16:13:50.505316+00:00,,,,,,,,,,402 Client Error: Payment Required for url: https://zillow.realtyapi.io/graph_charts?recent_first=True&which=rent_zestimate_history&byzpid=70829630&byurl=https%3A%2F%2Fwww.zillow.com%2Fhomedetails%2F70829630_zpid%2F&byaddress=3650+Ashford+Dunwoody+Rd+NE+%23+214%2C+Brookhaven%2C+GA%2C+30319
"3650 Ashford Dunwoody Rd NE # 214, Brookhaven, GA, 30319",70829630,https://www.zillow.com/homedetails/70829630_zpid/,zestimate_history,2026-04-12T16:13:50.769218+00:00,,,,,,,,,,402 Client Error: Payment Required for url: https://zillow.realtyapi.io/graph_charts?recent_first=True&which=zestimate_history&byzpid=70829630&byurl=https%3A%2F%2Fwww.zillow.com%2Fhomedetails%2F70829630_zpid%2F&byaddress=3650+Ashford+Dunwoody+Rd+NE+%23+214%2C+Brookhaven%2C+GA%2C+30319
"1445 Monroe Dr NE Apt E5 # E5, Atlanta, GA, 30324",69377762,https://www.zillow.com/homedetails/69377762_zpid/,rent_zestimate_history,2026-04-12T16:13:51.025546+00:00,,,,,,,,,,402 Client Error: Payment Required for url: https://zillow.realtyapi.io/graph_charts?recent_first=True&which=rent_zestimate_history&byzpid=69377762&byurl=https%3A%2F%2Fwww.zillow.com%2Fhomedetails%2F69377762_zpid%2F&byaddress=1445+Monroe+Dr+NE+Apt+E5+%23+E5%2C+Atlanta%2C+GA%2C+30324
"1445 Monroe Dr NE Apt E5 # E5, Atlanta, GA, 30324",69377762,https://www.zillow.com/homedetails/69377762_zpid/,zestimate_history,2026-04-12T16:13:51.409761+00:00,,,,,,,,,,402 Client Error: Payment Required for url: https://zillow.realtyapi.io/graph_charts?recent_first=True&which=zestimate_history&byzpid=69377762&byurl=https%3A%2F%2Fwww.zillow.com%2Fhomedetails%2F69377762_zpid%2F&byaddress=1445+Monroe+Dr+NE+Apt+E5+%23+E5%2C+Atlanta%2C+GA%2C+30324
"3758 Chattahoochee Summit Dr SE # 21, Atlanta, GA, 30339",171191806,https://www.zillow.com/homedetails/171191806_zpid/,rent_zestimate_history,2026-04-12T16:13:51.687739+00:00,,,,,,,,,,402 Client Error: Payment Required for url: https://zillow.realtyapi.io/graph_charts?recent_first=True&which=rent_zestimate_history&byzpid=171191806&byurl=https%3A%2F%2Fwww.zillow.com%2Fhomedetails%2F171191806_zpid%2F&byaddress=3758+Chattahoochee+Summit+Dr+SE+%23+21%2C+Atlanta%2C+GA%2C+30339
"3758 Chattahoochee Summit Dr SE # 21, Atlanta, GA, 30339",171191806,https://www.zillow.com/homedetails/171191806_zpid/,zestimate_history,2026-04-12T16:13:51.941748+00:00,,,,,,,,,,402 Client Error: Payment Required for url: https://zillow.realtyapi.io/graph_charts?recent_first=True&which=zestimate_history&byzpid=171191806&byurl=https%3A%2F%2Fwww.zillow.com%2Fhomedetails%2F171191806_zpid%2F&byaddress=3758+Chattahoochee+Summit+Dr+SE+%23+21%2C+Atlanta%2C+GA%2C+30339
"16 Fair Haven Way SE, Smyrna, GA, 30080",460996977,https://www.zillow.com/homedetails/460996977_zpid/,rent_zestimate_history,2026-04-12T16:13:52.200967+00:00,,,,,,,,,,402 Client Error: Payment Required for url: https://zillow.realtyapi.io/graph_charts?recent_first=True&which=rent_zestimate_history&byzpid=460996977&byurl=https%3A%2F%2Fwww.zillow.com%2Fhomedetails%2F460996977_zpid%2F&byaddress=16+Fair+Haven+Way+SE%2C+Smyrna%2C+GA%2C+30080
"16 Fair Haven Way SE, Smyrna, GA, 30080",460996977,https://www.zillow.com/homedetails/460996977_zpid/,zestimate_history,2026-04-12T16:13:52.453883+00:00,,,,,,,,,,402 Client Error: Payment Required for url: https://zillow.realtyapi.io/graph_charts?recent_first=True&which=zestimate_history&byzpid=460996977&byurl=https%3A%2F%2Fwww.zillow.com%2Fhomedetails%2F460996977_zpid%2F&byaddress=16+Fair+Haven+Way+SE%2C+Smyrna%2C+GA%2C+30080
"2603 Oldknow Dr NW, Atlanta, GA, 30318",35864708,https://www.zillow.com/homedetails/35864708_zpid/,rent_zestimate_history,2026-04-12T16:13:52.723927+00:00,,,,,,,,,,402 Client Error: Payment Required for url: https://zillow.realtyapi.io/graph_charts?recent_first=True&which=rent_zestimate_history&byzpid=35864708&byurl=https%3A%2F%2Fwww.zillow.com%2Fhomedetails%2F35864708_zpid%2F&byaddress=2603+Oldknow+Dr+NW%2C+Atlanta%2C+GA%2C+30318
"2603 Oldknow Dr NW, Atlanta, GA, 30318",35864708,https://www.zillow.com/homedetails/35864708_zpid/,zestimate_history,2026-04-12T16:13:52.980574+00:00,,,,,,,,,,402 Client Error: Payment Required for url: https://zillow.realtyapi.io/graph_charts?recent_first=True&which=zestimate_history&byzpid=35864708&byurl=https%3A%2F%2Fwww.zillow.com%2Fhomedetails%2F35864708_zpid%2F&byaddress=2603+Oldknow+Dr+NW%2C+Atlanta%2C+GA%2C+30318
"1529 Gilstrap Ln NW, Atlanta, GA, 30318",69375247,https://www.zillow.com/homedetails/69375247_zpid/,rent_zestimate_history,2026-04-12T16:13:53.242918+00:00,,,,,,,,,,402 Client Error: Payment Required for url: https://zillow.realtyapi.io/graph_charts?recent_first=True&which=rent_zestimate_history&byzpid=69375247&byurl=https%3A%2F%2Fwww.zillow.com%2Fhomedetails%2F69375247_zpid%2F&byaddress=1529+Gilstrap+Ln+NW%2C+Atlanta%2C+GA%2C+30318
"1529 Gilstrap Ln NW, Atlanta, GA, 30318",69375247,https://www.zillow.com/homedetails/69375247_zpid/,zestimate_history,2026-04-12T16:13:53.497448+00:00,,,,,,,,,,402 Client Error: Payment Required for url: https://zillow.realtyapi.io/graph_charts?recent_first=True&which=zestimate_history&byzpid=69375247&byurl=https%3A%2F%2Fwww.zillow.com%2Fhomedetails%2F69375247_zpid%2F&byaddress=1529+Gilstrap+Ln+NW%2C+Atlanta%2C+GA%2C+30318
"1787 Ridgeway Ave NW, Atlanta, GA, 30318",35909741,https://www.zillow.com/homedetails/35909741_zpid/,rent_zestimate_history,2026-04-12T16:13:53.780400+00:00,,,,,,,,,,402 Client Error: Payment Required for url: https://zillow.realtyapi.io/graph_charts?recent_first=True&which=rent_zestimate_history&byzpid=35909741&byurl=https%3A%2F%2Fwww.zillow.com%2Fhomedetails%2F35909741_zpid%2F&byaddress=1787+Ridgeway+Ave+NW%2C+Atlanta%2C+GA%2C+30318
"1787 Ridgeway Ave NW, Atlanta, GA, 30318",35909741,https://www.zillow.com/homedetails/35909741_zpid/,zestimate_history,2026-04-12T16:13:54.074580+00:00,,,,,,,,,,402 Client Error: Payment Required for url: https://zillow.realtyapi.io/graph_charts?recent_first=True&which=zestimate_history&byzpid=35909741&byurl=https%3A%2F%2Fwww.zillow.com%2Fhomedetails%2F35909741_zpid%2F&byaddress=1787+Ridgeway+Ave+NW%2C+Atlanta%2C+GA%2C+30318
"3060 Pharr Court North NW Apt 317 # 317, Atlanta, GA, 30305",2076002027,https://www.zillow.com/homedetails/2076002027_zpid/,rent_zestimate_history,2026-04-12T16:13:54.323020+00:00,,,,,,,,,,402 Client Error: Payment Required for url: https://zillow.realtyapi.io/graph_charts?recent_first=True&which=rent_zestimate_history&byzpid=2076002027&byurl=https%3A%2F%2Fwww.zillow.com%2Fhomedetails%2F2076002027_zpid%2F&byaddress=3060+Pharr+Court+North+NW+Apt+317+%23+317%2C+Atlanta%2C+GA%2C+30305
"3060 Pharr Court North NW Apt 317 # 317, Atlanta, GA, 30305",2076002027,https://www.zillow.com/homedetails/2076002027_zpid/,zestimate_history,2026-04-12T16:13:54.578595+00:00,,,,,,,,,,402 Client Error: Payment Required for url: https://zillow.realtyapi.io/graph_charts?recent_first=True&which=zestimate_history&byzpid=2076002027&byurl=https%3A%2F%2Fwww.zillow.com%2Fhomedetails%2F2076002027_zpid%2F&byaddress=3060+Pharr+Court+North+NW+Apt+317+%23+317%2C+Atlanta%2C+GA%2C+30305
"601 Wynnes Ridge Cir SE, Marietta, GA, 30067",14317281,https://www.zillow.com/homedetails/14317281_zpid/,rent_zestimate_history,2026-04-12T16:13:54.978823+00:00,,,,,,,,,,402 Client Error: Payment Required for url: https://zillow.realtyapi.io/graph_charts?recent_first=True&which=rent_zestimate_history&byzpid=14317281&byurl=https%3A%2F%2Fwww.zillow.com%2Fhomedetails%2F14317281_zpid%2F&byaddress=601+Wynnes+Ridge+Cir+SE%2C+Marietta%2C+GA%2C+30067
"601 Wynnes Ridge Cir SE, Marietta, GA, 30067",14317281,https://www.zillow.com/homedetails/14317281_zpid/,zestimate_history,2026-04-12T16:13:55.250023+00:00,,,,,,,,,,402 Client Error: Payment Required for url: https://zillow.realtyapi.io/graph_charts?recent_first=True&which=zestimate_history&byzpid=14317281&byurl=https%3A%2F%2Fwww.zillow.com%2Fhomedetails%2F14317281_zpid%2F&byaddress=601+Wynnes+Ridge+Cir+SE%2C+Marietta%2C+GA%2C+30067
"258 Sunset Ave NW, Atlanta, GA, 30314",171443275,https://www.zillow.com/homedetails/171443275_zpid/,rent_zestimate_history,2026-04-12T16:13:55.518521+00:00,,,,,,,,,,402 Client Error: Payment Required for url: https://zillow.realtyapi.io/graph_charts?recent_first=True&which=rent_zestimate_history&byzpid=171443275&byurl=https%3A%2F%2Fwww.zillow.com%2Fhomedetails%2F171443275_zpid%2F&byaddress=258+Sunset+Ave+NW%2C+Atlanta%2C+GA%2C+30314
"258 Sunset Ave NW, Atlanta, GA, 30314",171443275,https://www.zillow.com/homedetails/171443275_zpid/,zestimate_history,2026-04-12T16:13:55.796962+00:00,,,,,,,,,,402 Client Error: Payment Required for url: https://zillow.realtyapi.io/graph_charts?recent_first=True&which=zestimate_history&byzpid=171443275&byurl=https%3A%2F%2Fwww.zillow.com%2Fhomedetails%2F171443275_zpid%2F&byaddress=258+Sunset+Ave+NW%2C+Atlanta%2C+GA%2C+30314
"3777 Peachtree Rd NE Apt 1108 # 1108, Brookhaven, GA, 30319",65465331,https://www.zillow.com/homedetails/65465331_zpid/,rent_zestimate_history,2026-04-12T16:13:56.062985+00:00,,,,,,,,,,402 Client Error: Payment Required for url: https://zillow.realtyapi.io/graph_charts?recent_first=True&which=rent_zestimate_history&byzpid=65465331&byurl=https%3A%2F%2Fwww.zillow.com%2Fhomedetails%2F65465331_zpid%2F&byaddress=3777+Peachtree+Rd+NE+Apt+1108+%23+1108%2C+Brookhaven%2C+GA%2C+30319
"3777 Peachtree Rd NE Apt 1108 # 1108, Brookhaven, GA, 30319",65465331,https://www.zillow.com/homedetails/65465331_zpid/,zestimate_history,2026-04-12T16:13:56.315690+00:00,,,,,,,,,,402 Client Error: Payment Required for url: https://zillow.realtyapi.io/graph_charts?recent_first=True&which=zestimate_history&byzpid=65465331&byurl=https%3A%2F%2Fwww.zillow.com%2Fhomedetails%2F65465331_zpid%2F&byaddress=3777+Peachtree+Rd+NE+Apt+1108+%23+1108%2C+Brookhaven%2C+GA%2C+30319
"1739 Drew Dr NW, Atlanta, GA, 30318",121351956,https://www.zillow.com/homedetails/121351956_zpid/,rent_zestimate_history,2026-04-12T16:13:56.604289+00:00,,,,,,,,,,402 Client Error: Payment Required for url: https://zillow.realtyapi.io/graph_charts?recent_first=True&which=rent_zestimate_history&byzpid=121351956&byurl=https%3A%2F%2Fwww.zillow.com%2Fhomedetails%2F121351956_zpid%2F&byaddress=1739+Drew+Dr+NW%2C+Atlanta%2C+GA%2C+30318
"1739 Drew Dr NW, Atlanta, GA, 30318",121351956,https://www.zillow.com/homedetails/121351956_zpid/,zestimate_history,2026-04-12T16:13:56.880862+00:00,,,,,,,,,,402 Client Error: Payment Required for url: https://zillow.realtyapi.io/graph_charts?recent_first=True&which=zestimate_history&byzpid=121351956&byurl=https%3A%2F%2Fwww.zillow.com%2Fhomedetails%2F121351956_zpid%2F&byaddress=1739+Drew+Dr+NW%2C+Atlanta%2C+GA%2C+30318
"311 Lakemoore Dr NE # 14-C, Atlanta, GA, 30342",35933897,https://www.zillow.com/homedetails/35933897_zpid/,rent_zestimate_history,2026-04-12T16:13:57.221164+00:00,,,,,,,,,,402 Client Error: Payment Required for url: https://zillow.realtyapi.io/graph_charts?recent_first=True&which=rent_zestimate_history&byzpid=35933897&byurl=https%3A%2F%2Fwww.zillow.com%2Fhomedetails%2F35933897_zpid%2F&byaddress=311+Lakemoore+Dr+NE+%23+14-C%2C+Atlanta%2C+GA%2C+30342
"311 Lakemoore Dr NE # 14-C, Atlanta, GA, 30342",35933897,https://www.zillow.com/homedetails/35933897_zpid/,zestimate_history,2026-04-12T16:13:57.482950+00:00,,,,,,,,,,402 Client Error: Payment Required for url: https://zillow.realtyapi.io/graph_charts?recent_first=True&which=zestimate_history&byzpid=35933897&byurl=https%3A%2F%2Fwww.zillow.com%2Fhomedetails%2F35933897_zpid%2F&byaddress=311+Lakemoore+Dr+NE+%23+14-C%2C+Atlanta%2C+GA%2C+30342
"197 Mathewson Pl SW, Atlanta, GA, 30314",35843834,https://www.zillow.com/homedetails/35843834_zpid/,rent_zestimate_history,2026-04-12T16:13:57.746034+00:00,,,,,,,,,,402 Client Error: Payment Required for url: https://zillow.realtyapi.io/graph_charts?recent_first=True&which=rent_zestimate_history&byzpid=35843834&byurl=https%3A%2F%2Fwww.zillow.com%2Fhomedetails%2F35843834_zpid%2F&byaddress=197+Mathewson+Pl+SW%2C+Atlanta%2C+GA%2C+30314
"197 Mathewson Pl SW, Atlanta, GA, 30314",35843834,https://www.zillow.com/homedetails/35843834_zpid/,zestimate_history,2026-04-12T16:13:58.015432+00:00,,,,,,,,,,402 Client Error: Payment Required for url: https://zillow.realtyapi.io/graph_charts?recent_first=True&which=zestimate_history&byzpid=35843834&byurl=https%3A%2F%2Fwww.zillow.com%2Fhomedetails%2F35843834_zpid%2F&byaddress=197+Mathewson+Pl+SW%2C+Atlanta%2C+GA%2C+30314
"3280 Stillhouse Ln SE # 410, Atlanta, GA, 30339",87684477,https://www.zillow.com/homedetails/87684477_zpid/,rent_zestimate_history,2026-04-12T16:13:58.269949+00:00,,,,,,,,,,402 Client Error: Payment Required for url: https://zillow.realtyapi.io/graph_charts?recent_first=True&which=rent_zestimate_history&byzpid=87684477&byurl=https%3A%2F%2Fwww.zillow.com%2Fhomedetails%2F87684477_zpid%2F&byaddress=3280+Stillhouse+Ln+SE+%23+410%2C+Atlanta%2C+GA%2C+30339
"3280 Stillhouse Ln SE # 410, Atlanta, GA, 30339",87684477,https://www.zillow.com/homedetails/87684477_zpid/,zestimate_history,2026-04-12T16:13:58.534079+00:00,,,,,,,,,,402 Client Error: Payment Required for url: https://zillow.realtyapi.io/graph_charts?recent_first=True&which=zestimate_history&byzpid=87684477&byurl=https%3A%2F%2Fwww.zillow.com%2Fhomedetails%2F87684477_zpid%2F&byaddress=3280+Stillhouse+Ln+SE+%23+410%2C+Atlanta%2C+GA%2C+30339
"1150 Collier Rd NW # H6, Atlanta, GA, 30318",71757613,https://www.zillow.com/homedetails/71757613_zpid/,rent_zestimate_history,2026-04-12T16:13:58.785877+00:00,,,,,,,,,,402 Client Error: Payment Required for url: https://zillow.realtyapi.io/graph_charts?recent_first=True&which=rent_zestimate_history&byzpid=71757613&byurl=https%3A%2F%2Fwww.zillow.com%2Fhomedetails%2F71757613_zpid%2F&byaddress=1150+Collier+Rd+NW+%23+H6%2C+Atlanta%2C+GA%2C+30318
"1150 Collier Rd NW # H6, Atlanta, GA, 30318",71757613,https://www.zillow.com/homedetails/71757613_zpid/,zestimate_history,2026-04-12T16:13:59.042062+00:00,,,,,,,,,,402 Client Error: Payment Required for url: https://zillow.realtyapi.io/graph_charts?recent_first=True&which=zestimate_history&byzpid=71757613&byurl=https%3A%2F%2Fwww.zillow.com%2Fhomedetails%2F71757613_zpid%2F&byaddress=1150+Collier+Rd+NW+%23+H6%2C+Atlanta%2C+GA%2C+30318
"923 Saint Charles Ave NE, Atlanta, GA, 30306",35850879,https://www.zillow.com/homedetails/35850879_zpid/,rent_zestimate_history,2026-04-12T16:13:59.302017+00:00,,,,,,,,,,402 Client Error: Payment Required for url: https://zillow.realtyapi.io/graph_charts?recent_first=True&which=rent_zestimate_history&byzpid=35850879&byurl=https%3A%2F%2Fwww.zillow.com%2Fhomedetails%2F35850879_zpid%2F&byaddress=923+Saint+Charles+Ave+NE%2C+Atlanta%2C+GA%2C+30306
"923 Saint Charles Ave NE, Atlanta, GA, 30306",35850879,https://www.zillow.com/homedetails/35850879_zpid/,zestimate_history,2026-04-12T16:13:59.603382+00:00,,,,,,,,,,402 Client Error: Payment Required for url: https://zillow.realtyapi.io/graph_charts?recent_first=True&which=zestimate_history&byzpid=35850879&byurl=https%3A%2F%2Fwww.zillow.com%2Fhomedetails%2F35850879_zpid%2F&byaddress=923+Saint+Charles+Ave+NE%2C+Atlanta%2C+GA%2C+30306
"878 Peachtree St NE Apt 432 # 432, Atlanta, GA, 30309",35880558,https://www.zillow.com/homedetails/35880558_zpid/,rent_zestimate_history,2026-04-12T16:13:59.858102+00:00,,,,,,,,,,402 Client Error: Payment Required for url: https://zillow.realtyapi.io/graph_charts?recent_first=True&which=rent_zestimate_history&byzpid=35880558&byurl=https%3A%2F%2Fwww.zillow.com%2Fhomedetails%2F35880558_zpid%2F&byaddress=878+Peachtree+St+NE+Apt+432+%23+432%2C+Atlanta%2C+GA%2C+30309
"878 Peachtree St NE Apt 432 # 432, Atlanta, GA, 30309",35880558,https://www.zillow.com/homedetails/35880558_zpid/,zestimate_history,2026-04-12T16:14:00.115198+00:00,,,,,,,,,,402 Client Error: Payment Required for url: https://zillow.realtyapi.io/graph_charts?recent_first=True&which=zestimate_history&byzpid=35880558&byurl=https%3A%2F%2Fwww.zillow.com%2Fhomedetails%2F35880558_zpid%2F&byaddress=878+Peachtree+St+NE+Apt+432+%23+432%2C+Atlanta%2C+GA%2C+30309
"505 Wyncourtney Dr, Atlanta, GA, 30328",35937847,https://www.zillow.com/homedetails/35937847_zpid/,rent_zestimate_history,2026-04-12T16:14:00.405722+00:00,,,,,,,,,,402 Client Error: Payment Required for url: https://zillow.realtyapi.io/graph_charts?recent_first=True&which=rent_zestimate_history&byzpid=35937847&byurl=https%3A%2F%2Fwww.zillow.com%2Fhomedetails%2F35937847_zpid%2F&byaddress=505+Wyncourtney+Dr%2C+Atlanta%2C+GA%2C+30328
"505 Wyncourtney Dr, Atlanta, GA, 30328",35937847,https://www.zillow.com/homedetails/35937847_zpid/,zestimate_history,2026-04-12T16:14:00.664346+00:00,,,,,,,,,,402 Client Error: Payment Required for url: https://zillow.realtyapi.io/graph_charts?recent_first=True&which=zestimate_history&byzpid=35937847&byurl=https%3A%2F%2Fwww.zillow.com%2Fhomedetails%2F35937847_zpid%2F&byaddress=505+Wyncourtney+Dr%2C+Atlanta%2C+GA%2C+30328
"36 Matawan Cir SE, Smyrna, GA, 30080",14310433,https://www.zillow.com/homedetails/14310433_zpid/,rent_zestimate_history,2026-04-12T16:14:00.992137+00:00,,,,,,,,,,402 Client Error: Payment Required for url: https://zillow.realtyapi.io/graph_charts?recent_first=True&which=rent_zestimate_history&byzpid=14310433&byurl=https%3A%2F%2Fwww.zillow.com%2Fhomedetails%2F14310433_zpid%2F&byaddress=36+Matawan+Cir+SE%2C+Smyrna%2C+GA%2C+30080
"36 Matawan Cir SE, Smyrna, GA, 30080",14310433,https://www.zillow.com/homedetails/14310433_zpid/,zestimate_history,2026-04-12T16:14:01.314379+00:00,,,,,,,,,,402 Client Error: Payment Required for url: https://zillow.realtyapi.io/graph_charts?recent_first=True&which=zestimate_history&byzpid=14310433&byurl=https%3A%2F%2Fwww.zillow.com%2Fhomedetails%2F14310433_zpid%2F&byaddress=36+Matawan+Cir+SE%2C+Smyrna%2C+GA%2C+30080
"1904 Country Park Dr SE, Smyrna, GA, 30080",2053273844,https://www.zillow.com/homedetails/2053273844_zpid/,rent_zestimate_history,2026-04-12T16:14:01.604621+00:00,,,,,,,,,,402 Client Error: Payment Required for url: https://zillow.realtyapi.io/graph_charts?recent_first=True&which=rent_zestimate_history&byzpid=2053273844&byurl=https%3A%2F%2Fwww.zillow.com%2Fhomedetails%2F2053273844_zpid%2F&byaddress=1904+Country+Park+Dr+SE%2C+Smyrna%2C+GA%2C+30080
"1904 Country Park Dr SE, Smyrna, GA, 30080",2053273844,https://www.zillow.com/homedetails/2053273844_zpid/,zestimate_history,2026-04-12T16:14:01.984085+00:00,,,,,,,,,,402 Client Error: Payment Required for url: https://zillow.realtyapi.io/graph_charts?recent_first=True&which=zestimate_history&byzpid=2053273844&byurl=https%3A%2F%2Fwww.zillow.com%2Fhomedetails%2F2053273844_zpid%2F&byaddress=1904+Country+Park+Dr+SE%2C+Smyrna%2C+GA%2C+30080
"565 Peachtree St NE # 1811, Atlanta, GA, 30308",82616132,https://www.zillow.com/homedetails/82616132_zpid/,rent_zestimate_history,2026-04-12T16:14:02.257483+00:00,,,,,,,,,,402 Client Error: Payment Required for url: https://zillow.realtyapi.io/graph_charts?recent_first=True&which=rent_zestimate_history&byzpid=82616132&byurl=https%3A%2F%2Fwww.zillow.com%2Fhomedetails%2F82616132_zpid%2F&byaddress=565+Peachtree+St+NE+%23+1811%2C+Atlanta%2C+GA%2C+30308
"565 Peachtree St NE # 1811, Atlanta, GA, 30308",82616132,https://www.zillow.com/homedetails/82616132_zpid/,zestimate_history,2026-04-12T16:14:02.507087+00:00,,,,,,,,,,402 Client Error: Payment Required for url: https://zillow.realtyapi.io/graph_charts?recent_first=True&which=zestimate_history&byzpid=82616132&byurl=https%3A%2F%2Fwww.zillow.com%2Fhomedetails%2F82616132_zpid%2F&byaddress=565+Peachtree+St+NE+%23+1811%2C+Atlanta%2C+GA%2C+30308
"1150 Collier Rd NW Apt F12 # F12, Atlanta, GA, 30318",71754884,https://www.zillow.com/homedetails/71754884_zpid/,rent_zestimate_history,2026-04-12T16:14:02.765366+00:00,,,,,,,,,,402 Client Error: Payment Required for url: https://zillow.realtyapi.io/graph_charts?recent_first=True&which=rent_zestimate_history&byzpid=71754884&byurl=https%3A%2F%2Fwww.zillow.com%2Fhomedetails%2F71754884_zpid%2F&byaddress=1150+Collier+Rd+NW+Apt+F12+%23+F12%2C+Atlanta%2C+GA%2C+30318
"1150 Collier Rd NW Apt F12 # F12, Atlanta, GA, 30318",71754884,https://www.zillow.com/homedetails/71754884_zpid/,zestimate_history,2026-04-12T16:14:03.053438+00:00,,,,,,,,,,402 Client Error: Payment Required for url: https://zillow.realtyapi.io/graph_charts?recent_first=True&which=zestimate_history&byzpid=71754884&byurl=https%3A%2F%2Fwww.zillow.com%2Fhomedetails%2F71754884_zpid%2F&byaddress=1150+Collier+Rd+NW+Apt+F12+%23+F12%2C+Atlanta%2C+GA%2C+30318
"4480 Dobbs Xing, Marietta, GA, 30068",14220094,https://www.zillow.com/homedetails/14220094_zpid/,rent_zestimate_history,2026-04-12T16:14:03.447629+00:00,,,,,,,,,,402 Client Error: Payment Required for url: https://zillow.realtyapi.io/graph_charts?recent_first=True&which=rent_zestimate_history&byzpid=14220094&byurl=https%3A%2F%2Fwww.zillow.com%2Fhomedetails%2F14220094_zpid%2F&byaddress=4480+Dobbs+Xing%2C+Marietta%2C+GA%2C+30068
"4480 Dobbs Xing, Marietta, GA, 30068",14220094,https://www.zillow.com/homedetails/14220094_zpid/,zestimate_history,2026-04-12T16:14:03.707432+00:00,,,,,,,,,,402 Client Error: Payment Required for url: https://zillow.realtyapi.io/graph_charts?recent_first=True&which=zestimate_history&byzpid=14220094&byurl=https%3A%2F%2Fwww.zillow.com%2Fhomedetails%2F14220094_zpid%2F&byaddress=4480+Dobbs+Xing%2C+Marietta%2C+GA%2C+30068
